Latitude,Longitude,Total_Insured_Value,Premium,Losses,Policy_Year,Avg_Wind_Speed,Avg_Pressure,Avg_Dist2Land
19.0,-100.1,290874.0,2644.0,13800.0,1985,27.5,1003.1666666666666,873.1874457541227
19.0,-100.1,296488.0,2697.0,0.0,1986,27.5,1003.1666666666666,873.1874457541227
19.0,-100.1,301944.0,2751.0,0.0,1987,27.5,1003.1666666666666,873.1874457541227
19.0,-100.1,308254.0,2806.0,0.0,1988,27.5,1003.1666666666666,873.1874457541227
19.0,-100.1,313433.0,2862.0,0.0,1989,27.5,1003.1666666666666,873.1874457541227
19.0,-100.1,318636.0,2919.0,0.0,1990,27.5,1003.1666666666666,873.1874457541227
19.0,-100.1,326315.0,2977.0,0.0,1991,27.5,1003.1666666666666,873.1874457541227
19.0,-100.1,331242.0,3037.0,0.0,1992,27.5,1003.1666666666666,873.1874457541227
19.0,-100.1,336443.0,3098.0,0.0,1993,27.5,1003.1666666666666,873.1874457541227
19.0,-100.1,344686.0,3159.0,0.0,1994,27.5,1003.1666666666666,873.1874457541227
19.0,-100.1,352303.0,3223.0,0.0,1995,27.5,1003.1666666666666,873.1874457541227
19.0,-100.1,360723.0,3287.0,0.0,1996,27.5,1003.1666666666666,873.1874457541227
19.0,-100.1,367577.0,3353.0,0.0,1997,27.5,1003.1666666666666,873.1874457541227
19.0,-100.1,373532.0,3420.0,0.0,1998,27.5,1003.1666666666666,873.1874457541227
19.0,-100.1,381525.0,3488.0,0.0,1999,27.5,1003.1666666666666,873.1874457541227
19.0,-100.1,388927.0,3558.0,0.0,2000,27.5,1003.1666666666666,873.1874457541227
19.0,-100.1,397872.0,3629.0,0.0,2001,27.5,1003.1666666666666,873.1874457541227
19.0,-100.1,405790.0,3702.0,0.0,2002,27.5,1003.1666666666666,873.1874457541227
19.0,-100.1,414555.0,3776.0,0.0,2003,27.5,1003.1666666666666,873.1874457541227
19.0,-100.1,424629.0,3851.0,0.0,2004,27.5,1003.1666666666666,873.1874457541227
19.0,-100.1,432654.0,3928.0,0.0,2005,27.5,1003.1666666666666,873.1874457541227
19.0,-100.1,440485.0,4007.0,0.0,2006,27.5,1003.1666666666666,873.1874457541227
19.0,-100.1,447885.0,4087.0,0.0,2007,27.5,1003.1666666666666,873.1874457541227
19.0,-100.1,454604.0,4169.0,0.0,2008,27.5,1003.1666666666666,873.1874457541227
19.0,-100.1,462877.0,4252.0,0.0,2009,27.5,1003.1666666666666,873.1874457541227
19.0,-100.1,472552.0,4337.0,0.0,2010,27.5,1003.1666666666666,873.1874457541227
19.0,-100.1,481577.0,4424.0,0.0,2011,27.5,1003.1666666666666,873.1874457541227
19.0,-100.1,490631.0,4513.0,0.0,2012,27.5,1003.1666666666666,873.1874457541227
19.0,-100.1,498432.0,4603.0,0.0,2013,27.5,1003.1666666666666,873.1874457541227
19.0,-100.1,507354.0,4695.0,0.0,2014,27.5,1003.1666666666666,873.1874457541227
19.0,-100.1,516131.0,4789.0,0.0,2015,27.5,1003.1666666666666,873.1874457541227
19.0,-100.1,527538.0,4884.0,0.0,2016,27.5,1003.1666666666666,873.1874457541227
19.0,-100.1,539302.0,4982.0,0.0,2017,27.5,1003.1666666666666,873.1874457541227
19.0,-100.1,549387.0,5082.0,0.0,2018,27.5,1003.1666666666666,873.1874457541227
19.0,-100.1,558397.0,5183.0,0.0,2019,27.5,1003.1666666666666,873.1874457541227
19.0,-100.1,568615.0,5287.0,0.0,2020,27.5,1003.1666666666666,873.1874457541227
19.0,-100.1,579021.0,5393.0,50262.0,2021,27.5,1003.1666666666666,873.1874457541227
7.2,-74.4,259184.0,1970.0,0.0,1985,,,
7.2,-74.4,265249.0,2010.0,0.0,1986,,,
7.2,-74.4,271244.0,2050.0,0.0,1987,,,
7.2,-74.4,277781.0,2091.0,0.0,1988,,,
7.2,-74.4,283864.0,2133.0,0.0,1989,,,
7.2,-74.4,289002.0,2175.0,0.0,1990,,,
7.2,-74.4,295967.0,2219.0,0.0,1991,,,
7.2,-74.4,301649.0,2263.0,0.0,1992,,,
7.2,-74.4,306717.0,2308.0,0.0,1993,,,
7.2,-74.4,311379.0,2355.0,16647.0,1994,,,
7.2,-74.4,317825.0,2402.0,0.0,1995,,,
7.2,-74.4,325135.0,2450.0,14576.0,1996,,,
7.2,-74.4,330987.0,2499.0,0.0,1997,,,
7.2,-74.4,338501.0,2549.0,0.0,1998,,,
7.2,-74.4,346625.0,2600.0,0.0,1999,,,
7.2,-74.4,353280.0,2652.0,0.0,2000,,,
7.2,-74.4,359709.0,2705.0,0.0,2001,,,
7.2,-74.4,367767.0,2759.0,0.0,2002,,,
7.2,-74.4,373762.0,2814.0,0.0,2003,,,
7.2,-74.4,382694.0,2870.0,19661.0,2004,,,
7.2,-74.4,389277.0,2928.0,0.0,2005,,,
7.2,-74.4,396907.0,2986.0,0.0,2006,,,
7.2,-74.4,403416.0,3046.0,0.0,2007,,,
7.2,-74.4,412735.0,3107.0,0.0,2008,,,
7.2,-74.4,419173.0,3169.0,0.0,2009,,,
7.2,-74.4,425671.0,3232.0,0.0,2010,,,
7.2,-74.4,436185.0,3297.0,0.0,2011,,,
7.2,-74.4,443949.0,3363.0,0.0,2012,,,
7.2,-74.4,452561.0,3430.0,0.0,2013,,,
7.2,-74.4,462156.0,3499.0,0.0,2014,,,
7.2,-74.4,470243.0,3569.0,0.0,2015,,,
7.2,-74.4,478191.0,3640.0,0.0,2016,,,
7.2,-74.4,488806.0,3713.0,0.0,2017,,,
7.2,-74.4,498143.0,3787.0,0.0,2018,,,
7.2,-74.4,508703.0,3863.0,0.0,2019,,,
7.2,-74.4,520759.0,3940.0,0.0,2020,,,
7.2,-74.4,529352.0,4019.0,0.0,2021,,,
24.7,-77.8,1112660.0,2478.0,0.0,1985,52.264150943396224,991.1698113207547,145.47051375038893
24.7,-77.8,1139364.0,2528.0,0.0,1986,52.264150943396224,991.1698113207547,145.47051375038893
24.7,-77.8,1158163.0,2578.0,0.0,1987,52.264150943396224,991.1698113207547,145.47051375038893
24.7,-77.8,1183180.0,2630.0,0.0,1988,52.264150943396224,991.1698113207547,145.47051375038893
24.7,-77.8,1212167.0,2682.0,0.0,1989,52.264150943396224,991.1698113207547,145.47051375038893
24.7,-77.8,1237987.0,2736.0,0.0,1990,52.264150943396224,991.1698113207547,145.47051375038893
24.7,-77.8,1268936.0,2791.0,0.0,1991,52.264150943396224,991.1698113207547,145.47051375038893
24.7,-77.8,1293681.0,2846.0,0.0,1992,52.264150943396224,991.1698113207547,145.47051375038893
24.7,-77.8,1322271.0,2903.0,0.0,1993,52.264150943396224,991.1698113207547,145.47051375038893
24.7,-77.8,1347923.0,2961.0,0.0,1994,52.264150943396224,991.1698113207547,145.47051375038893
24.7,-77.8,1372725.0,3021.0,0.0,1995,52.264150943396224,991.1698113207547,145.47051375038893
24.7,-77.8,1393865.0,3081.0,0.0,1996,52.264150943396224,991.1698113207547,145.47051375038893
24.7,-77.8,1414912.0,3143.0,0.0,1997,52.264150943396224,991.1698113207547,145.47051375038893
24.7,-77.8,1447172.0,3206.0,0.0,1998,52.264150943396224,991.1698113207547,145.47051375038893
24.7,-77.8,1469024.0,3270.0,0.0,1999,52.264150943396224,991.1698113207547,145.47051375038893
24.7,-77.8,1504869.0,3335.0,0.0,2000,52.264150943396224,991.1698113207547,145.47051375038893
24.7,-77.8,1529548.0,3402.0,0.0,2001,52.264150943396224,991.1698113207547,145.47051375038893
24.7,-77.8,1556163.0,3470.0,0.0,2002,52.264150943396224,991.1698113207547,145.47051375038893
24.7,-77.8,1588686.0,3539.0,0.0,2003,52.264150943396224,991.1698113207547,145.47051375038893
24.7,-77.8,1619189.0,3610.0,0.0,2004,52.264150943396224,991.1698113207547,145.47051375038893
24.7,-77.8,1648173.0,3682.0,0.0,2005,52.264150943396224,991.1698113207547,145.47051375038893
24.7,-77.8,1677675.0,3756.0,0.0,2006,52.264150943396224,991.1698113207547,145.47051375038893
24.7,-77.8,1715255.0,3831.0,0.0,2007,52.264150943396224,991.1698113207547,145.47051375038893
24.7,-77.8,1756592.0,3908.0,0.0,2008,52.264150943396224,991.1698113207547,145.47051375038893
24.7,-77.8,1791549.0,3986.0,0.0,2009,52.264150943396224,991.1698113207547,145.47051375038893
24.7,-77.8,1820572.0,4065.0,0.0,2010,52.264150943396224,991.1698113207547,145.47051375038893
24.7,-77.8,1854070.0,4147.0,37570.0,2011,52.264150943396224,991.1698113207547,145.47051375038893
24.7,-77.8,1894118.0,4230.0,0.0,2012,52.264150943396224,991.1698113207547,145.47051375038893
24.7,-77.8,1941092.0,4314.0,0.0,2013,52.264150943396224,991.1698113207547,145.47051375038893
24.7,-77.8,1975838.0,4401.0,0.0,2014,52.264150943396224,991.1698113207547,145.47051375038893
24.7,-77.8,2024246.0,4489.0,0.0,2015,52.264150943396224,991.1698113207547,145.47051375038893
24.7,-77.8,2061087.0,4578.0,0.0,2016,52.264150943396224,991.1698113207547,145.47051375038893
24.7,-77.8,2111790.0,4670.0,0.0,2017,52.264150943396224,991.1698113207547,145.47051375038893
24.7,-77.8,2156982.0,4763.0,0.0,2018,52.264150943396224,991.1698113207547,145.47051375038893
24.7,-77.8,2200985.0,4859.0,0.0,2019,52.264150943396224,991.1698113207547,145.47051375038893
24.7,-77.8,2245665.0,4956.0,36871.0,2020,52.264150943396224,991.1698113207547,145.47051375038893
24.7,-77.8,2291027.0,5055.0,0.0,2021,52.264150943396224,991.1698113207547,145.47051375038893
40.5,-122.3,321356.0,1861.0,0.0,1985,,,
40.5,-122.3,328458.0,1898.0,0.0,1986,,,
40.5,-122.3,335618.0,1936.0,0.0,1987,,,
40.5,-122.3,341055.0,1975.0,0.0,1988,,,
40.5,-122.3,347058.0,2014.0,0.0,1989,,,
40.5,-122.3,353548.0,2054.0,0.0,1990,,,
40.5,-122.3,359417.0,2096.0,0.0,1991,,,
40.5,-122.3,367935.0,2137.0,0.0,1992,,,
40.5,-122.3,375294.0,2180.0,0.0,1993,,,
40.5,-122.3,381036.0,2224.0,0.0,1994,,,
40.5,-122.3,388656.0,2268.0,12112.0,1995,,,
40.5,-122.3,397090.0,2314.0,0.0,1996,,,
40.5,-122.3,406898.0,2360.0,0.0,1997,,,
40.5,-122.3,416908.0,2407.0,0.0,1998,,,
40.5,-122.3,425872.0,2455.0,0.0,1999,,,
40.5,-122.3,435113.0,2504.0,0.0,2000,,,
40.5,-122.3,442249.0,2554.0,0.0,2001,,,
40.5,-122.3,452111.0,2606.0,0.0,2002,,,
40.5,-122.3,463052.0,2658.0,18869.0,2003,,,
40.5,-122.3,473934.0,2711.0,0.0,2004,,,
40.5,-122.3,481706.0,2765.0,0.0,2005,,,
40.5,-122.3,490040.0,2820.0,0.0,2006,,,
40.5,-122.3,499890.0,2877.0,0.0,2007,,,
40.5,-122.3,511887.0,2934.0,0.0,2008,,,
40.5,-122.3,520538.0,2993.0,0.0,2009,,,
40.5,-122.3,530376.0,3053.0,0.0,2010,,,
40.5,-122.3,541355.0,3114.0,0.0,2011,,,
40.5,-122.3,549908.0,3176.0,0.0,2012,,,
40.5,-122.3,561236.0,3240.0,0.0,2013,,,
40.5,-122.3,574369.0,3304.0,0.0,2014,,,
40.5,-122.3,587006.0,3370.0,0.0,2015,,,
40.5,-122.3,601094.0,3438.0,0.0,2016,,,
40.5,-122.3,614318.0,3507.0,0.0,2017,,,
40.5,-122.3,626788.0,3577.0,21675.0,2018,,,
40.5,-122.3,641957.0,3648.0,0.0,2019,,,
40.5,-122.3,652292.0,3721.0,0.0,2020,,,
40.5,-122.3,665338.0,3796.0,0.0,2021,,,
29.6,-81.3,958066.0,10316.0,0.0,1985,43.608247422680414,999.0824742268042,431.67458823644864
29.6,-81.3,973874.0,10522.0,0.0,1986,43.608247422680414,999.0824742268042,431.67458823644864
29.6,-81.3,994326.0,10732.0,0.0,1987,43.608247422680414,999.0824742268042,431.67458823644864
29.6,-81.3,1013516.0,10947.0,0.0,1988,43.608247422680414,999.0824742268042,431.67458823644864
29.6,-81.3,1032063.0,11166.0,0.0,1989,43.608247422680414,999.0824742268042,431.67458823644864
29.6,-81.3,1051879.0,11389.0,0.0,1990,43.608247422680414,999.0824742268042,431.67458823644864
29.6,-81.3,1071865.0,11617.0,0.0,1991,43.608247422680414,999.0824742268042,431.67458823644864
29.6,-81.3,1092766.0,11850.0,0.0,1992,43.608247422680414,999.0824742268042,431.67458823644864
29.6,-81.3,1110687.0,12087.0,0.0,1993,43.608247422680414,999.0824742268042,431.67458823644864
29.6,-81.3,1133234.0,12328.0,0.0,1994,43.608247422680414,999.0824742268042,431.67458823644864
29.6,-81.3,1151933.0,12575.0,0.0,1995,43.608247422680414,999.0824742268042,431.67458823644864
29.6,-81.3,1177045.0,12826.0,0.0,1996,43.608247422680414,999.0824742268042,431.67458823644864
29.6,-81.3,1200468.0,13083.0,0.0,1997,43.608247422680414,999.0824742268042,431.67458823644864
29.6,-81.3,1220036.0,13345.0,0.0,1998,43.608247422680414,999.0824742268042,431.67458823644864
29.6,-81.3,1243216.0,13611.0,0.0,1999,43.608247422680414,999.0824742268042,431.67458823644864
29.6,-81.3,1273054.0,13884.0,0.0,2000,43.608247422680414,999.0824742268042,431.67458823644864
29.6,-81.3,1303480.0,14161.0,0.0,2001,43.608247422680414,999.0824742268042,431.67458823644864
29.6,-81.3,1332547.0,14445.0,0.0,2002,43.608247422680414,999.0824742268042,431.67458823644864
29.6,-81.3,1361330.0,14733.0,0.0,2003,43.608247422680414,999.0824742268042,431.67458823644864
29.6,-81.3,1388557.0,15028.0,0.0,2004,43.608247422680414,999.0824742268042,431.67458823644864
29.6,-81.3,1422576.0,15329.0,0.0,2005,43.608247422680414,999.0824742268042,431.67458823644864
29.6,-81.3,1453731.0,15635.0,0.0,2006,43.608247422680414,999.0824742268042,431.67458823644864
29.6,-81.3,1477136.0,15948.0,0.0,2007,43.608247422680414,999.0824742268042,431.67458823644864
29.6,-81.3,1500770.0,16267.0,0.0,2008,43.608247422680414,999.0824742268042,431.67458823644864
29.6,-81.3,1531236.0,16592.0,0.0,2009,43.608247422680414,999.0824742268042,431.67458823644864
29.6,-81.3,1556807.0,16924.0,0.0,2010,43.608247422680414,999.0824742268042,431.67458823644864
29.6,-81.3,1581561.0,17263.0,0.0,2011,43.608247422680414,999.0824742268042,431.67458823644864
29.6,-81.3,1612243.0,17608.0,0.0,2012,43.608247422680414,999.0824742268042,431.67458823644864
29.6,-81.3,1648680.0,17960.0,0.0,2013,43.608247422680414,999.0824742268042,431.67458823644864
29.6,-81.3,1674069.0,18319.0,0.0,2014,43.608247422680414,999.0824742268042,431.67458823644864
29.6,-81.3,1714414.0,18686.0,0.0,2015,43.608247422680414,999.0824742268042,431.67458823644864
29.6,-81.3,1741845.0,19059.0,0.0,2016,43.608247422680414,999.0824742268042,431.67458823644864
29.6,-81.3,1773721.0,19440.0,180796.0,2017,43.608247422680414,999.0824742268042,431.67458823644864
29.6,-81.3,1817709.0,19829.0,0.0,2018,43.608247422680414,999.0824742268042,431.67458823644864
29.6,-81.3,1847156.0,20226.0,145019.0,2019,43.608247422680414,999.0824742268042,431.67458823644864
29.6,-81.3,1886685.0,20630.0,0.0,2020,43.608247422680414,999.0824742268042,431.67458823644864
29.6,-81.3,1929890.0,21043.0,0.0,2021,43.608247422680414,999.0824742268042,431.67458823644864
29.6,-90.6,506667.0,3881.0,0.0,1985,51.23809523809524,989.847619047619,530.3297298738628
29.6,-90.6,516598.0,3959.0,0.0,1986,51.23809523809524,989.847619047619,530.3297298738628
29.6,-90.6,528118.0,4038.0,0.0,1987,51.23809523809524,989.847619047619,530.3297298738628
29.6,-90.6,538258.0,4119.0,0.0,1988,51.23809523809524,989.847619047619,530.3297298738628
29.6,-90.6,549938.0,4201.0,0.0,1989,51.23809523809524,989.847619047619,530.3297298738628
29.6,-90.6,559122.0,4285.0,0.0,1990,51.23809523809524,989.847619047619,530.3297298738628
29.6,-90.6,571199.0,4371.0,0.0,1991,51.23809523809524,989.847619047619,530.3297298738628
29.6,-90.6,583994.0,4459.0,0.0,1992,51.23809523809524,989.847619047619,530.3297298738628
29.6,-90.6,598244.0,4548.0,0.0,1993,51.23809523809524,989.847619047619,530.3297298738628
29.6,-90.6,610089.0,4639.0,0.0,1994,51.23809523809524,989.847619047619,530.3297298738628
29.6,-90.6,621803.0,4731.0,0.0,1995,51.23809523809524,989.847619047619,530.3297298738628
29.6,-90.6,634612.0,4826.0,0.0,1996,51.23809523809524,989.847619047619,530.3297298738628
29.6,-90.6,644956.0,4923.0,0.0,1997,51.23809523809524,989.847619047619,530.3297298738628
29.6,-90.6,659209.0,5021.0,0.0,1998,51.23809523809524,989.847619047619,530.3297298738628
29.6,-90.6,675228.0,5121.0,0.0,1999,51.23809523809524,989.847619047619,530.3297298738628
29.6,-90.6,687922.0,5224.0,0.0,2000,51.23809523809524,989.847619047619,530.3297298738628
29.6,-90.6,699411.0,5328.0,0.0,2001,51.23809523809524,989.847619047619,530.3297298738628
29.6,-90.6,716756.0,5435.0,0.0,2002,51.23809523809524,989.847619047619,530.3297298738628
29.6,-90.6,734675.0,5544.0,0.0,2003,51.23809523809524,989.847619047619,530.3297298738628
29.6,-90.6,749001.0,5654.0,0.0,2004,51.23809523809524,989.847619047619,530.3297298738628
29.6,-90.6,765929.0,5768.0,0.0,2005,51.23809523809524,989.847619047619,530.3297298738628
29.6,-90.6,784771.0,5883.0,0.0,2006,51.23809523809524,989.847619047619,530.3297298738628
29.6,-90.6,798033.0,6001.0,0.0,2007,51.23809523809524,989.847619047619,530.3297298738628
29.6,-90.6,815989.0,6121.0,0.0,2008,51.23809523809524,989.847619047619,530.3297298738628
29.6,-90.6,831737.0,6243.0,0.0,2009,51.23809523809524,989.847619047619,530.3297298738628
29.6,-90.6,845711.0,6368.0,0.0,2010,51.23809523809524,989.847619047619,530.3297298738628
29.6,-90.6,865331.0,6495.0,0.0,2011,51.23809523809524,989.847619047619,530.3297298738628
29.6,-90.6,879869.0,6625.0,0.0,2012,51.23809523809524,989.847619047619,530.3297298738628
29.6,-90.6,901689.0,6758.0,66360.0,2013,51.23809523809524,989.847619047619,530.3297298738628
29.6,-90.6,920895.0,6893.0,0.0,2014,51.23809523809524,989.847619047619,530.3297298738628
29.6,-90.6,940511.0,7031.0,0.0,2015,51.23809523809524,989.847619047619,530.3297298738628
29.6,-90.6,955841.0,7171.0,0.0,2016,51.23809523809524,989.847619047619,530.3297298738628
29.6,-90.6,970370.0,7315.0,0.0,2017,51.23809523809524,989.847619047619,530.3297298738628
29.6,-90.6,992106.0,7461.0,0.0,2018,51.23809523809524,989.847619047619,530.3297298738628
29.6,-90.6,1008178.0,7610.0,0.0,2019,51.23809523809524,989.847619047619,530.3297298738628
29.6,-90.6,1025317.0,7762.0,0.0,2020,51.23809523809524,989.847619047619,530.3297298738628
29.6,-90.6,1049412.0,7918.0,0.0,2021,51.23809523809524,989.847619047619,530.3297298738628
32.6,-83.4,953342.0,3006.0,0.0,1985,23.77777777777778,1005.6666666666666,873.1874457541225
32.6,-83.4,975078.0,3067.0,0.0,1986,23.77777777777778,1005.6666666666666,873.1874457541225
32.6,-83.4,996335.0,3128.0,0.0,1987,23.77777777777778,1005.6666666666666,873.1874457541225
32.6,-83.4,1012874.0,3190.0,0.0,1988,23.77777777777778,1005.6666666666666,873.1874457541225
32.6,-83.4,1037690.0,3254.0,0.0,1989,23.77777777777778,1005.6666666666666,873.1874457541225
32.6,-83.4,1058444.0,3319.0,0.0,1990,23.77777777777778,1005.6666666666666,873.1874457541225
32.6,-83.4,1074955.0,3386.0,0.0,1991,23.77777777777778,1005.6666666666666,873.1874457541225
32.6,-83.4,1091510.0,3453.0,0.0,1992,23.77777777777778,1005.6666666666666,873.1874457541225
32.6,-83.4,1110611.0,3523.0,0.0,1993,23.77777777777778,1005.6666666666666,873.1874457541225
32.6,-83.4,1130935.0,3593.0,0.0,1994,23.77777777777778,1005.6666666666666,873.1874457541225
32.6,-83.4,1156042.0,3665.0,0.0,1995,23.77777777777778,1005.6666666666666,873.1874457541225
32.6,-83.4,1181244.0,3738.0,0.0,1996,23.77777777777778,1005.6666666666666,873.1874457541225
32.6,-83.4,1203805.0,3813.0,0.0,1997,23.77777777777778,1005.6666666666666,873.1874457541225
32.6,-83.4,1227520.0,3889.0,0.0,1998,23.77777777777778,1005.6666666666666,873.1874457541225
32.6,-83.4,1253667.0,3967.0,0.0,1999,23.77777777777778,1005.6666666666666,873.1874457541225
32.6,-83.4,1281999.0,4046.0,0.0,2000,23.77777777777778,1005.6666666666666,873.1874457541225
32.6,-83.4,1306998.0,4127.0,0.0,2001,23.77777777777778,1005.6666666666666,873.1874457541225
32.6,-83.4,1338759.0,4210.0,0.0,2002,23.77777777777778,1005.6666666666666,873.1874457541225
32.6,-83.4,1371826.0,4294.0,0.0,2003,23.77777777777778,1005.6666666666666,873.1874457541225
32.6,-83.4,1405436.0,4380.0,0.0,2004,23.77777777777778,1005.6666666666666,873.1874457541225
32.6,-83.4,1435231.0,4467.0,33595.0,2005,23.77777777777778,1005.6666666666666,873.1874457541225
32.6,-83.4,1462500.0,4557.0,29801.0,2006,23.77777777777778,1005.6666666666666,873.1874457541225
32.6,-83.4,1491458.0,4648.0,0.0,2007,23.77777777777778,1005.6666666666666,873.1874457541225
32.6,-83.4,1515023.0,4741.0,0.0,2008,23.77777777777778,1005.6666666666666,873.1874457541225
32.6,-83.4,1551232.0,4836.0,33898.0,2009,23.77777777777778,1005.6666666666666,873.1874457541225
32.6,-83.4,1580240.0,4932.0,0.0,2010,23.77777777777778,1005.6666666666666,873.1874457541225
32.6,-83.4,1618482.0,5031.0,37884.0,2011,23.77777777777778,1005.6666666666666,873.1874457541225
32.6,-83.4,1649233.0,5132.0,0.0,2012,23.77777777777778,1005.6666666666666,873.1874457541225
32.6,-83.4,1687165.0,5234.0,0.0,2013,23.77777777777778,1005.6666666666666,873.1874457541225
32.6,-83.4,1721752.0,5339.0,0.0,2014,23.77777777777778,1005.6666666666666,873.1874457541225
32.6,-83.4,1753432.0,5446.0,0.0,2015,23.77777777777778,1005.6666666666666,873.1874457541225
32.6,-83.4,1783942.0,5555.0,0.0,2016,23.77777777777778,1005.6666666666666,873.1874457541225
32.6,-83.4,1814091.0,5666.0,0.0,2017,23.77777777777778,1005.6666666666666,873.1874457541225
32.6,-83.4,1843842.0,5779.0,0.0,2018,23.77777777777778,1005.6666666666666,873.1874457541225
32.6,-83.4,1883116.0,5895.0,0.0,2019,23.77777777777778,1005.6666666666666,873.1874457541225
32.6,-83.4,1928499.0,6013.0,0.0,2020,23.77777777777778,1005.6666666666666,873.1874457541225
32.6,-83.4,1974204.0,6133.0,0.0,2021,23.77777777777778,1005.6666666666666,873.1874457541225
43.4,-107.9,253182.0,1370.0,7866.0,1985,,,
43.4,-107.9,259132.0,1398.0,0.0,1986,,,
43.4,-107.9,265558.0,1426.0,0.0,1987,,,
43.4,-107.9,270179.0,1454.0,0.0,1988,,,
43.4,-107.9,274799.0,1483.0,0.0,1989,,,
43.4,-107.9,279361.0,1513.0,0.0,1990,,,
43.4,-107.9,285982.0,1543.0,0.0,1991,,,
43.4,-107.9,291787.0,1574.0,0.0,1992,,,
43.4,-107.9,296339.0,1606.0,0.0,1993,,,
43.4,-107.9,301318.0,1638.0,0.0,1994,,,
43.4,-107.9,307133.0,1671.0,0.0,1995,,,
43.4,-107.9,312661.0,1704.0,0.0,1996,,,
43.4,-107.9,319321.0,1738.0,0.0,1997,,,
43.4,-107.9,325452.0,1773.0,0.0,1998,,,
43.4,-107.9,332970.0,1808.0,0.0,1999,,,
43.4,-107.9,339563.0,1844.0,0.0,2000,,,
43.4,-107.9,345166.0,1881.0,0.0,2001,,,
43.4,-107.9,353381.0,1919.0,0.0,2002,,,
43.4,-107.9,360307.0,1957.0,0.0,2003,,,
43.4,-107.9,368053.0,1997.0,0.0,2004,,,
43.4,-107.9,375856.0,2036.0,0.0,2005,,,
43.4,-107.9,384350.0,2077.0,18238.0,2006,,,
43.4,-107.9,390538.0,2119.0,0.0,2007,,,
43.4,-107.9,399326.0,2161.0,0.0,2008,,,
43.4,-107.9,408989.0,2204.0,0.0,2009,,,
43.4,-107.9,416719.0,2248.0,0.0,2010,,,
43.4,-107.9,424595.0,2293.0,0.0,2011,,,
43.4,-107.9,431219.0,2339.0,0.0,2012,,,
43.4,-107.9,441741.0,2386.0,0.0,2013,,,
43.4,-107.9,450929.0,2434.0,17206.0,2014,,,
43.4,-107.9,459091.0,2482.0,0.0,2015,,,
43.4,-107.9,469512.0,2532.0,0.0,2016,,,
43.4,-107.9,477822.0,2583.0,0.0,2017,,,
43.4,-107.9,488143.0,2634.0,0.0,2018,,,
43.4,-107.9,499615.0,2687.0,0.0,2019,,,
43.4,-107.9,510556.0,2741.0,15321.0,2020,,,
43.4,-107.9,520461.0,2796.0,0.0,2021,,,
51.5,-73.7,1380274.0,4643.0,0.0,1985,,,
51.5,-73.7,1408293.0,4736.0,25052.0,1986,,,
51.5,-73.7,1436741.0,4830.0,0.0,1987,,,
51.5,-73.7,1462458.0,4927.0,0.0,1988,,,
51.5,-73.7,1492000.0,5026.0,0.0,1989,,,
51.5,-73.7,1528256.0,5126.0,0.0,1990,,,
51.5,-73.7,1555153.0,5229.0,0.0,1991,,,
51.5,-73.7,1584079.0,5333.0,0.0,1992,,,
51.5,-73.7,1615285.0,5440.0,0.0,1993,,,
51.5,-73.7,1648560.0,5549.0,0.0,1994,,,
51.5,-73.7,1676091.0,5660.0,0.0,1995,,,
51.5,-73.7,1706428.0,5773.0,0.0,1996,,,
51.5,-73.7,1741069.0,5888.0,38038.0,1997,,,
51.5,-73.7,1768752.0,6006.0,0.0,1998,,,
51.5,-73.7,1811909.0,6126.0,0.0,1999,,,
51.5,-73.7,1849959.0,6249.0,0.0,2000,,,
51.5,-73.7,1884183.0,6374.0,0.0,2001,,,
51.5,-73.7,1930723.0,6501.0,0.0,2002,,,
51.5,-73.7,1961614.0,6631.0,0.0,2003,,,
51.5,-73.7,2002808.0,6764.0,0.0,2004,,,
51.5,-73.7,2049674.0,6899.0,0.0,2005,,,
51.5,-73.7,2081239.0,7037.0,0.0,2006,,,
51.5,-73.7,2116204.0,7178.0,55125.0,2007,,,
51.5,-73.7,2166146.0,7321.0,0.0,2008,,,
51.5,-73.7,2213368.0,7468.0,0.0,2009,,,
51.5,-73.7,2259849.0,7617.0,0.0,2010,,,
51.5,-73.7,2305046.0,7769.0,0.0,2011,,,
51.5,-73.7,2351608.0,7925.0,0.0,2012,,,
51.5,-73.7,2410163.0,8083.0,0.0,2013,,,
51.5,-73.7,2451136.0,8245.0,0.0,2014,,,
51.5,-73.7,2492560.0,8410.0,52646.0,2015,,,
51.5,-73.7,2536429.0,8578.0,0.0,2016,,,
51.5,-73.7,2585889.0,8750.0,56085.0,2017,,,
51.5,-73.7,2641744.0,8925.0,0.0,2018,,,
51.5,-73.7,2693258.0,9103.0,0.0,2019,,,
51.5,-73.7,2734465.0,9285.0,0.0,2020,,,
51.5,-73.7,2792436.0,9471.0,0.0,2021,,,
46.2,-62.5,742049.0,1683.0,0.0,1985,50.0,987.3,463.39372287706135
46.2,-62.5,758448.0,1717.0,0.0,1986,50.0,987.3,463.39372287706135
46.2,-62.5,774527.0,1751.0,0.0,1987,50.0,987.3,463.39372287706135
46.2,-62.5,788469.0,1786.0,0.0,1988,50.0,987.3,463.39372287706135
46.2,-62.5,805421.0,1822.0,0.0,1989,50.0,987.3,463.39372287706135
46.2,-62.5,817663.0,1858.0,0.0,1990,50.0,987.3,463.39372287706135
46.2,-62.5,836551.0,1895.0,0.0,1991,50.0,987.3,463.39372287706135
46.2,-62.5,850438.0,1933.0,0.0,1992,50.0,987.3,463.39372287706135
46.2,-62.5,871699.0,1972.0,0.0,1993,50.0,987.3,463.39372287706135
46.2,-62.5,885820.0,2011.0,0.0,1994,50.0,987.3,463.39372287706135
46.2,-62.5,907700.0,2051.0,0.0,1995,50.0,987.3,463.39372287706135
46.2,-62.5,922495.0,2092.0,0.0,1996,50.0,987.3,463.39372287706135
46.2,-62.5,940761.0,2134.0,0.0,1997,50.0,987.3,463.39372287706135
46.2,-62.5,957036.0,2177.0,0.0,1998,50.0,987.3,463.39372287706135
46.2,-62.5,980005.0,2221.0,0.0,1999,50.0,987.3,463.39372287706135
46.2,-62.5,1002251.0,2265.0,0.0,2000,50.0,987.3,463.39372287706135
46.2,-62.5,1022998.0,2310.0,0.0,2001,50.0,987.3,463.39372287706135
46.2,-62.5,1045504.0,2356.0,0.0,2002,50.0,987.3,463.39372287706135
46.2,-62.5,1062127.0,2404.0,0.0,2003,50.0,987.3,463.39372287706135
46.2,-62.5,1084219.0,2452.0,0.0,2004,50.0,987.3,463.39372287706135
46.2,-62.5,1109807.0,2501.0,0.0,2005,50.0,987.3,463.39372287706135
46.2,-62.5,1132780.0,2551.0,0.0,2006,50.0,987.3,463.39372287706135
46.2,-62.5,1160646.0,2602.0,0.0,2007,50.0,987.3,463.39372287706135
46.2,-62.5,1189430.0,2654.0,0.0,2008,50.0,987.3,463.39372287706135
46.2,-62.5,1208461.0,2707.0,0.0,2009,50.0,987.3,463.39372287706135
46.2,-62.5,1230455.0,2761.0,0.0,2010,50.0,987.3,463.39372287706135
46.2,-62.5,1260970.0,2816.0,0.0,2011,50.0,987.3,463.39372287706135
46.2,-62.5,1285433.0,2872.0,0.0,2012,50.0,987.3,463.39372287706135
46.2,-62.5,1310499.0,2930.0,27073.0,2013,50.0,987.3,463.39372287706135
46.2,-62.5,1343262.0,2989.0,0.0,2014,50.0,987.3,463.39372287706135
46.2,-62.5,1368112.0,3048.0,0.0,2015,50.0,987.3,463.39372287706135
46.2,-62.5,1391233.0,3109.0,0.0,2016,50.0,987.3,463.39372287706135
46.2,-62.5,1421145.0,3171.0,0.0,2017,50.0,987.3,463.39372287706135
46.2,-62.5,1452694.0,3235.0,0.0,2018,50.0,987.3,463.39372287706135
46.2,-62.5,1489011.0,3300.0,0.0,2019,50.0,987.3,463.39372287706135
46.2,-62.5,1518196.0,3366.0,0.0,2020,50.0,987.3,463.39372287706135
46.2,-62.5,1540969.0,3433.0,0.0,2021,50.0,987.3,463.39372287706135
17.2,-89.0,371785.0,2698.0,0.0,1985,47.28813559322034,996.0677966101695,659.4109764945999
17.2,-89.0,379370.0,2752.0,0.0,1986,47.28813559322034,996.0677966101695,659.4109764945999
17.2,-89.0,388512.0,2807.0,0.0,1987,47.28813559322034,996.0677966101695,659.4109764945999
17.2,-89.0,397137.0,2863.0,16290.0,1988,47.28813559322034,996.0677966101695,659.4109764945999
17.2,-89.0,406867.0,2920.0,0.0,1989,47.28813559322034,996.0677966101695,659.4109764945999
17.2,-89.0,415859.0,2979.0,0.0,1990,47.28813559322034,996.0677966101695,659.4109764945999
17.2,-89.0,422596.0,3038.0,0.0,1991,47.28813559322034,996.0677966101695,659.4109764945999
17.2,-89.0,431132.0,3099.0,0.0,1992,47.28813559322034,996.0677966101695,659.4109764945999
17.2,-89.0,439496.0,3161.0,0.0,1993,47.28813559322034,996.0677966101695,659.4109764945999
17.2,-89.0,449912.0,3224.0,0.0,1994,47.28813559322034,996.0677966101695,659.4109764945999
17.2,-89.0,457921.0,3289.0,0.0,1995,47.28813559322034,996.0677966101695,659.4109764945999
17.2,-89.0,468865.0,3354.0,0.0,1996,47.28813559322034,996.0677966101695,659.4109764945999
17.2,-89.0,478289.0,3422.0,0.0,1997,47.28813559322034,996.0677966101695,659.4109764945999
17.2,-89.0,488190.0,3490.0,0.0,1998,47.28813559322034,996.0677966101695,659.4109764945999
17.2,-89.0,497514.0,3560.0,0.0,1999,47.28813559322034,996.0677966101695,659.4109764945999
17.2,-89.0,507813.0,3631.0,0.0,2000,47.28813559322034,996.0677966101695,659.4109764945999
17.2,-89.0,516344.0,3704.0,0.0,2001,47.28813559322034,996.0677966101695,659.4109764945999
17.2,-89.0,526258.0,3778.0,0.0,2002,47.28813559322034,996.0677966101695,659.4109764945999
17.2,-89.0,534731.0,3853.0,0.0,2003,47.28813559322034,996.0677966101695,659.4109764945999
17.2,-89.0,548046.0,3930.0,0.0,2004,47.28813559322034,996.0677966101695,659.4109764945999
17.2,-89.0,559061.0,4009.0,0.0,2005,47.28813559322034,996.0677966101695,659.4109764945999
17.2,-89.0,568901.0,4089.0,0.0,2006,47.28813559322034,996.0677966101695,659.4109764945999
17.2,-89.0,581985.0,4171.0,0.0,2007,47.28813559322034,996.0677966101695,659.4109764945999
17.2,-89.0,595488.0,4254.0,0.0,2008,47.28813559322034,996.0677966101695,659.4109764945999
17.2,-89.0,609243.0,4339.0,0.0,2009,47.28813559322034,996.0677966101695,659.4109764945999
17.2,-89.0,622708.0,4426.0,0.0,2010,47.28813559322034,996.0677966101695,659.4109764945999
17.2,-89.0,632920.0,4515.0,0.0,2011,47.28813559322034,996.0677966101695,659.4109764945999
17.2,-89.0,646021.0,4605.0,0.0,2012,47.28813559322034,996.0677966101695,659.4109764945999
17.2,-89.0,657973.0,4697.0,0.0,2013,47.28813559322034,996.0677966101695,659.4109764945999
17.2,-89.0,671527.0,4791.0,0.0,2014,47.28813559322034,996.0677966101695,659.4109764945999
17.2,-89.0,683144.0,4887.0,0.0,2015,47.28813559322034,996.0677966101695,659.4109764945999
17.2,-89.0,697490.0,4984.0,0.0,2016,47.28813559322034,996.0677966101695,659.4109764945999
17.2,-89.0,709348.0,5084.0,0.0,2017,47.28813559322034,996.0677966101695,659.4109764945999
17.2,-89.0,722471.0,5186.0,0.0,2018,47.28813559322034,996.0677966101695,659.4109764945999
17.2,-89.0,739810.0,5290.0,0.0,2019,47.28813559322034,996.0677966101695,659.4109764945999
17.2,-89.0,750907.0,5395.0,0.0,2020,47.28813559322034,996.0677966101695,659.4109764945999
17.2,-89.0,763147.0,5503.0,0.0,2021,47.28813559322034,996.0677966101695,659.4109764945999
34.6,-77.9,269100.0,937.0,0.0,1985,54.30434782608695,989.3304347826087,535.3369244459159
34.6,-77.9,273190.0,956.0,0.0,1986,54.30434782608695,989.3304347826087,535.3369244459159
34.6,-77.9,279146.0,975.0,0.0,1987,54.30434782608695,989.3304347826087,535.3369244459159
34.6,-77.9,284394.0,995.0,0.0,1988,54.30434782608695,989.3304347826087,535.3369244459159
34.6,-77.9,289342.0,1015.0,0.0,1989,54.30434782608695,989.3304347826087,535.3369244459159
34.6,-77.9,293914.0,1035.0,0.0,1990,54.30434782608695,989.3304347826087,535.3369244459159
34.6,-77.9,299087.0,1056.0,0.0,1991,54.30434782608695,989.3304347826087,535.3369244459159
34.6,-77.9,303782.0,1077.0,0.0,1992,54.30434782608695,989.3304347826087,535.3369244459159
34.6,-77.9,311346.0,1098.0,0.0,1993,54.30434782608695,989.3304347826087,535.3369244459159
34.6,-77.9,317480.0,1120.0,0.0,1994,54.30434782608695,989.3304347826087,535.3369244459159
34.6,-77.9,324496.0,1143.0,0.0,1995,54.30434782608695,989.3304347826087,535.3369244459159
34.6,-77.9,330013.0,1166.0,0.0,1996,54.30434782608695,989.3304347826087,535.3369244459159
34.6,-77.9,335458.0,1189.0,0.0,1997,54.30434782608695,989.3304347826087,535.3369244459159
34.6,-77.9,343744.0,1213.0,0.0,1998,54.30434782608695,989.3304347826087,535.3369244459159
34.6,-77.9,351306.0,1237.0,7100.0,1999,54.30434782608695,989.3304347826087,535.3369244459159
34.6,-77.9,358859.0,1262.0,0.0,2000,54.30434782608695,989.3304347826087,535.3369244459159
34.6,-77.9,365175.0,1287.0,10758.0,2001,54.30434782608695,989.3304347826087,535.3369244459159
34.6,-77.9,372734.0,1313.0,12089.0,2002,54.30434782608695,989.3304347826087,535.3369244459159
34.6,-77.9,378735.0,1339.0,0.0,2003,54.30434782608695,989.3304347826087,535.3369244459159
34.6,-77.9,385515.0,1366.0,0.0,2004,54.30434782608695,989.3304347826087,535.3369244459159
34.6,-77.9,391336.0,1393.0,0.0,2005,54.30434782608695,989.3304347826087,535.3369244459159
34.6,-77.9,399945.0,1421.0,0.0,2006,54.30434782608695,989.3304347826087,535.3369244459159
34.6,-77.9,406504.0,1449.0,0.0,2007,54.30434782608695,989.3304347826087,535.3369244459159
34.6,-77.9,416179.0,1478.0,0.0,2008,54.30434782608695,989.3304347826087,535.3369244459159
34.6,-77.9,424503.0,1508.0,0.0,2009,54.30434782608695,989.3304347826087,535.3369244459159
34.6,-77.9,430998.0,1538.0,0.0,2010,54.30434782608695,989.3304347826087,535.3369244459159
34.6,-77.9,438325.0,1569.0,0.0,2011,54.30434782608695,989.3304347826087,535.3369244459159
34.6,-77.9,445294.0,1600.0,0.0,2012,54.30434782608695,989.3304347826087,535.3369244459159
34.6,-77.9,454511.0,1632.0,0.0,2013,54.30434782608695,989.3304347826087,535.3369244459159
34.6,-77.9,461875.0,1665.0,0.0,2014,54.30434782608695,989.3304347826087,535.3369244459159
34.6,-77.9,471528.0,1698.0,0.0,2015,54.30434782608695,989.3304347826087,535.3369244459159
34.6,-77.9,481288.0,1732.0,0.0,2016,54.30434782608695,989.3304347826087,535.3369244459159
34.6,-77.9,488556.0,1767.0,0.0,2017,54.30434782608695,989.3304347826087,535.3369244459159
34.6,-77.9,497741.0,1802.0,10559.0,2018,54.30434782608695,989.3304347826087,535.3369244459159
34.6,-77.9,509487.0,1838.0,0.0,2019,54.30434782608695,989.3304347826087,535.3369244459159
34.6,-77.9,517690.0,1875.0,0.0,2020,54.30434782608695,989.3304347826087,535.3369244459159
34.6,-77.9,526905.0,1912.0,0.0,2021,54.30434782608695,989.3304347826087,535.3369244459159
30.4,-87.5,942929.0,3870.0,0.0,1985,50.80952380952381,990.9619047619047,511.26723142374505
30.4,-87.5,958487.0,3947.0,0.0,1986,50.80952380952381,990.9619047619047,511.26723142374505
30.4,-87.5,980149.0,4026.0,0.0,1987,50.80952380952381,990.9619047619047,511.26723142374505
30.4,-87.5,1000536.0,4107.0,0.0,1988,50.80952380952381,990.9619047619047,511.26723142374505
30.4,-87.5,1023348.0,4189.0,39627.0,1989,50.80952380952381,990.9619047619047,511.26723142374505
30.4,-87.5,1043815.0,4273.0,0.0,1990,50.80952380952381,990.9619047619047,511.26723142374505
30.4,-87.5,1068032.0,4358.0,36609.0,1991,50.80952380952381,990.9619047619047,511.26723142374505
30.4,-87.5,1086509.0,4445.0,0.0,1992,50.80952380952381,990.9619047619047,511.26723142374505
30.4,-87.5,1103241.0,4534.0,0.0,1993,50.80952380952381,990.9619047619047,511.26723142374505
30.4,-87.5,1127512.0,4625.0,0.0,1994,50.80952380952381,990.9619047619047,511.26723142374505
30.4,-87.5,1153783.0,4717.0,0.0,1995,50.80952380952381,990.9619047619047,511.26723142374505
30.4,-87.5,1174205.0,4812.0,0.0,1996,50.80952380952381,990.9619047619047,511.26723142374505
30.4,-87.5,1202973.0,4908.0,0.0,1997,50.80952380952381,990.9619047619047,511.26723142374505
30.4,-87.5,1226070.0,5006.0,0.0,1998,50.80952380952381,990.9619047619047,511.26723142374505
30.4,-87.5,1247159.0,5106.0,0.0,1999,50.80952380952381,990.9619047619047,511.26723142374505
30.4,-87.5,1276717.0,5208.0,0.0,2000,50.80952380952381,990.9619047619047,511.26723142374505
30.4,-87.5,1300719.0,5313.0,36657.0,2001,50.80952380952381,990.9619047619047,511.26723142374505
30.4,-87.5,1329595.0,5419.0,0.0,2002,50.80952380952381,990.9619047619047,511.26723142374505
30.4,-87.5,1353129.0,5527.0,0.0,2003,50.80952380952381,990.9619047619047,511.26723142374505
30.4,-87.5,1380868.0,5638.0,0.0,2004,50.80952380952381,990.9619047619047,511.26723142374505
30.4,-87.5,1406552.0,5751.0,0.0,2005,50.80952380952381,990.9619047619047,511.26723142374505
30.4,-87.5,1440450.0,5866.0,0.0,2006,50.80952380952381,990.9619047619047,511.26723142374505
30.4,-87.5,1473724.0,5983.0,45888.0,2007,50.80952380952381,990.9619047619047,511.26723142374505
30.4,-87.5,1501430.0,6103.0,0.0,2008,50.80952380952381,990.9619047619047,511.26723142374505
30.4,-87.5,1538666.0,6225.0,0.0,2009,50.80952380952381,990.9619047619047,511.26723142374505
30.4,-87.5,1572055.0,6349.0,0.0,2010,50.80952380952381,990.9619047619047,511.26723142374505
30.4,-87.5,1609470.0,6476.0,0.0,2011,50.80952380952381,990.9619047619047,511.26723142374505
30.4,-87.5,1648419.0,6606.0,0.0,2012,50.80952380952381,990.9619047619047,511.26723142374505
30.4,-87.5,1688310.0,6738.0,0.0,2013,50.80952380952381,990.9619047619047,511.26723142374505
30.4,-87.5,1719713.0,6872.0,0.0,2014,50.80952380952381,990.9619047619047,511.26723142374505
30.4,-87.5,1753935.0,7010.0,0.0,2015,50.80952380952381,990.9619047619047,511.26723142374505
30.4,-87.5,1793048.0,7150.0,0.0,2016,50.80952380952381,990.9619047619047,511.26723142374505
30.4,-87.5,1822992.0,7293.0,0.0,2017,50.80952380952381,990.9619047619047,511.26723142374505
30.4,-87.5,1850519.0,7439.0,0.0,2018,50.80952380952381,990.9619047619047,511.26723142374505
30.4,-87.5,1882903.0,7588.0,0.0,2019,50.80952380952381,990.9619047619047,511.26723142374505
30.4,-87.5,1926398.0,7739.0,0.0,2020,50.80952380952381,990.9619047619047,511.26723142374505
30.4,-87.5,1967238.0,7894.0,54707.0,2021,50.80952380952381,990.9619047619047,511.26723142374505
18.0,-77.2,179338.0,1715.0,0.0,1985,65.83333333333333,981.9166666666666,135.9153589327211
18.0,-77.2,182979.0,1750.0,0.0,1986,65.83333333333333,981.9166666666666,135.9153589327211
18.0,-77.2,185852.0,1784.0,0.0,1987,65.83333333333333,981.9166666666666,135.9153589327211
18.0,-77.2,189494.0,1820.0,0.0,1988,65.83333333333333,981.9166666666666,135.9153589327211
18.0,-77.2,194004.0,1857.0,0.0,1989,65.83333333333333,981.9166666666666,135.9153589327211
18.0,-77.2,197458.0,1894.0,0.0,1990,65.83333333333333,981.9166666666666,135.9153589327211
18.0,-77.2,202216.0,1932.0,0.0,1991,65.83333333333333,981.9166666666666,135.9153589327211
18.0,-77.2,206443.0,1970.0,0.0,1992,65.83333333333333,981.9166666666666,135.9153589327211
18.0,-77.2,211191.0,2010.0,0.0,1993,65.83333333333333,981.9166666666666,135.9153589327211
18.0,-77.2,216471.0,2050.0,0.0,1994,65.83333333333333,981.9166666666666,135.9153589327211
18.0,-77.2,220497.0,2091.0,0.0,1995,65.83333333333333,981.9166666666666,135.9153589327211
18.0,-77.2,225480.0,2133.0,0.0,1996,65.83333333333333,981.9166666666666,135.9153589327211
18.0,-77.2,230058.0,2175.0,12486.0,1997,65.83333333333333,981.9166666666666,135.9153589327211
18.0,-77.2,235648.0,2219.0,0.0,1998,65.83333333333333,981.9166666666666,135.9153589327211
18.0,-77.2,240078.0,2263.0,0.0,1999,65.83333333333333,981.9166666666666,135.9153589327211
18.0,-77.2,245120.0,2308.0,0.0,2000,65.83333333333333,981.9166666666666,135.9153589327211
18.0,-77.2,249851.0,2355.0,0.0,2001,65.83333333333333,981.9166666666666,135.9153589327211
18.0,-77.2,254573.0,2402.0,0.0,2002,65.83333333333333,981.9166666666666,135.9153589327211
18.0,-77.2,259690.0,2450.0,0.0,2003,65.83333333333333,981.9166666666666,135.9153589327211
18.0,-77.2,264156.0,2499.0,0.0,2004,65.83333333333333,981.9166666666666,135.9153589327211
18.0,-77.2,268885.0,2549.0,0.0,2005,65.83333333333333,981.9166666666666,135.9153589327211
18.0,-77.2,273913.0,2600.0,0.0,2006,65.83333333333333,981.9166666666666,135.9153589327211
18.0,-77.2,280240.0,2652.0,0.0,2007,65.83333333333333,981.9166666666666,135.9153589327211
18.0,-77.2,285060.0,2705.0,0.0,2008,65.83333333333333,981.9166666666666,135.9153589327211
18.0,-77.2,289935.0,2759.0,0.0,2009,65.83333333333333,981.9166666666666,135.9153589327211
18.0,-77.2,294313.0,2814.0,0.0,2010,65.83333333333333,981.9166666666666,135.9153589327211
18.0,-77.2,301023.0,2870.0,0.0,2011,65.83333333333333,981.9166666666666,135.9153589327211
18.0,-77.2,307104.0,2928.0,0.0,2012,65.83333333333333,981.9166666666666,135.9153589327211
18.0,-77.2,312570.0,2986.0,0.0,2013,65.83333333333333,981.9166666666666,135.9153589327211
18.0,-77.2,317321.0,3046.0,0.0,2014,65.83333333333333,981.9166666666666,135.9153589327211
18.0,-77.2,323351.0,3107.0,0.0,2015,65.83333333333333,981.9166666666666,135.9153589327211
18.0,-77.2,330497.0,3169.0,0.0,2016,65.83333333333333,981.9166666666666,135.9153589327211
18.0,-77.2,336974.0,3232.0,0.0,2017,65.83333333333333,981.9166666666666,135.9153589327211
18.0,-77.2,345028.0,3297.0,0.0,2018,65.83333333333333,981.9166666666666,135.9153589327211
18.0,-77.2,351515.0,3363.0,0.0,2019,65.83333333333333,981.9166666666666,135.9153589327211
18.0,-77.2,358018.0,3430.0,0.0,2020,65.83333333333333,981.9166666666666,135.9153589327211
18.0,-77.2,363710.0,3499.0,0.0,2021,65.83333333333333,981.9166666666666,135.9153589327211
41.9,-87.9,679481.0,2887.0,17816.0,1985,25.0,997.0,873.1874457541227
41.9,-87.9,691576.0,2945.0,0.0,1986,25.0,997.0,873.1874457541227
41.9,-87.9,706859.0,3004.0,0.0,1987,25.0,997.0,873.1874457541227
41.9,-87.9,722552.0,3064.0,0.0,1988,25.0,997.0,873.1874457541227
41.9,-87.9,737725.0,3125.0,0.0,1989,25.0,997.0,873.1874457541227
41.9,-87.9,753144.0,3188.0,0.0,1990,25.0,997.0,873.1874457541227
41.9,-87.9,767830.0,3252.0,0.0,1991,25.0,997.0,873.1874457541227
41.9,-87.9,786872.0,3317.0,0.0,1992,25.0,997.0,873.1874457541227
41.9,-87.9,801980.0,3383.0,0.0,1993,25.0,997.0,873.1874457541227
41.9,-87.9,816817.0,3451.0,0.0,1994,25.0,997.0,873.1874457541227
41.9,-87.9,830213.0,3520.0,0.0,1995,25.0,997.0,873.1874457541227
41.9,-87.9,842915.0,3590.0,0.0,1996,25.0,997.0,873.1874457541227
41.9,-87.9,859689.0,3662.0,0.0,1997,25.0,997.0,873.1874457541227
41.9,-87.9,877914.0,3735.0,0.0,1998,25.0,997.0,873.1874457541227
41.9,-87.9,898896.0,3810.0,27508.0,1999,25.0,997.0,873.1874457541227
41.9,-87.9,919571.0,3886.0,0.0,2000,25.0,997.0,873.1874457541227
41.9,-87.9,942009.0,3964.0,0.0,2001,25.0,997.0,873.1874457541227
41.9,-87.9,961602.0,4043.0,0.0,2002,25.0,997.0,873.1874457541227
41.9,-87.9,981315.0,4124.0,0.0,2003,25.0,997.0,873.1874457541227
41.9,-87.9,998684.0,4207.0,0.0,2004,25.0,997.0,873.1874457541227
41.9,-87.9,1015263.0,4291.0,0.0,2005,25.0,997.0,873.1874457541227
41.9,-87.9,1031710.0,4376.0,0.0,2006,25.0,997.0,873.1874457541227
41.9,-87.9,1051828.0,4464.0,0.0,2007,25.0,997.0,873.1874457541227
41.9,-87.9,1075284.0,4553.0,0.0,2008,25.0,997.0,873.1874457541227
41.9,-87.9,1097865.0,4644.0,0.0,2009,25.0,997.0,873.1874457541227
41.9,-87.9,1115760.0,4737.0,0.0,2010,25.0,997.0,873.1874457541227
41.9,-87.9,1137964.0,4832.0,0.0,2011,25.0,997.0,873.1874457541227
41.9,-87.9,1165730.0,4929.0,0.0,2012,25.0,997.0,873.1874457541227
41.9,-87.9,1184382.0,5027.0,0.0,2013,25.0,997.0,873.1874457541227
41.9,-87.9,1208425.0,5128.0,0.0,2014,25.0,997.0,873.1874457541227
41.9,-87.9,1231264.0,5230.0,0.0,2015,25.0,997.0,873.1874457541227
41.9,-87.9,1249979.0,5335.0,0.0,2016,25.0,997.0,873.1874457541227
41.9,-87.9,1280479.0,5442.0,0.0,2017,25.0,997.0,873.1874457541227
41.9,-87.9,1310954.0,5550.0,0.0,2018,25.0,997.0,873.1874457541227
41.9,-87.9,1333765.0,5661.0,0.0,2019,25.0,997.0,873.1874457541227
41.9,-87.9,1363374.0,5775.0,0.0,2020,25.0,997.0,873.1874457541227
41.9,-87.9,1388324.0,5890.0,0.0,2021,25.0,997.0,873.1874457541227
26.5,-97.8,276312.0,2079.0,0.0,1985,55.0,986.3958333333334,540.8632484764491
26.5,-97.8,282004.0,2121.0,0.0,1986,55.0,986.3958333333334,540.8632484764491
26.5,-97.8,288490.0,2163.0,0.0,1987,55.0,986.3958333333334,540.8632484764491
26.5,-97.8,293654.0,2207.0,0.0,1988,55.0,986.3958333333334,540.8632484764491
26.5,-97.8,300496.0,2251.0,0.0,1989,55.0,986.3958333333334,540.8632484764491
26.5,-97.8,306025.0,2296.0,0.0,1990,55.0,986.3958333333334,540.8632484764491
26.5,-97.8,310799.0,2342.0,0.0,1991,55.0,986.3958333333334,540.8632484764491
26.5,-97.8,317264.0,2389.0,0.0,1992,55.0,986.3958333333334,540.8632484764491
26.5,-97.8,322499.0,2436.0,0.0,1993,55.0,986.3958333333334,540.8632484764491
26.5,-97.8,330561.0,2485.0,0.0,1994,55.0,986.3958333333334,540.8632484764491
26.5,-97.8,337371.0,2535.0,0.0,1995,55.0,986.3958333333334,540.8632484764491
26.5,-97.8,345299.0,2585.0,0.0,1996,55.0,986.3958333333334,540.8632484764491
26.5,-97.8,352136.0,2637.0,0.0,1997,55.0,986.3958333333334,540.8632484764491
26.5,-97.8,358580.0,2690.0,0.0,1998,55.0,986.3958333333334,540.8632484764491
26.5,-97.8,365895.0,2744.0,0.0,1999,55.0,986.3958333333334,540.8632484764491
26.5,-97.8,374567.0,2799.0,0.0,2000,55.0,986.3958333333334,540.8632484764491
26.5,-97.8,381571.0,2855.0,0.0,2001,55.0,986.3958333333334,540.8632484764491
26.5,-97.8,388134.0,2912.0,0.0,2002,55.0,986.3958333333334,540.8632484764491
26.5,-97.8,396324.0,2970.0,0.0,2003,55.0,986.3958333333334,540.8632484764491
26.5,-97.8,404726.0,3029.0,0.0,2004,55.0,986.3958333333334,540.8632484764491
26.5,-97.8,414803.0,3090.0,0.0,2005,55.0,986.3958333333334,540.8632484764491
26.5,-97.8,421979.0,3152.0,0.0,2006,55.0,986.3958333333334,540.8632484764491
26.5,-97.8,431896.0,3215.0,0.0,2007,55.0,986.3958333333334,540.8632484764491
26.5,-97.8,441354.0,3279.0,0.0,2008,55.0,986.3958333333334,540.8632484764491
26.5,-97.8,450535.0,3345.0,0.0,2009,55.0,986.3958333333334,540.8632484764491
26.5,-97.8,458915.0,3411.0,0.0,2010,55.0,986.3958333333334,540.8632484764491
26.5,-97.8,469699.0,3480.0,0.0,2011,55.0,986.3958333333334,540.8632484764491
26.5,-97.8,478623.0,3549.0,0.0,2012,55.0,986.3958333333334,540.8632484764491
26.5,-97.8,490350.0,3620.0,0.0,2013,55.0,986.3958333333334,540.8632484764491
26.5,-97.8,498637.0,3693.0,0.0,2014,55.0,986.3958333333334,540.8632484764491
26.5,-97.8,509656.0,3767.0,0.0,2015,55.0,986.3958333333334,540.8632484764491
26.5,-97.8,518881.0,3842.0,0.0,2016,55.0,986.3958333333334,540.8632484764491
26.5,-97.8,528584.0,3919.0,0.0,2017,55.0,986.3958333333334,540.8632484764491
26.5,-97.8,538363.0,3997.0,0.0,2018,55.0,986.3958333333334,540.8632484764491
26.5,-97.8,548269.0,4077.0,0.0,2019,55.0,986.3958333333334,540.8632484764491
26.5,-97.8,560824.0,4159.0,0.0,2020,55.0,986.3958333333334,540.8632484764491
26.5,-97.8,571480.0,4242.0,0.0,2021,55.0,986.3958333333334,540.8632484764491
33.8,-80.7,1695941.0,8370.0,0.0,1985,35.75471698113208,1001.1132075471698,873.1874457541225
33.8,-80.7,1734439.0,8537.0,0.0,1986,35.75471698113208,1001.1132075471698,873.1874457541225
33.8,-80.7,1768434.0,8708.0,85425.0,1987,35.75471698113208,1001.1132075471698,873.1874457541225
33.8,-80.7,1810700.0,8882.0,0.0,1988,35.75471698113208,1001.1132075471698,873.1874457541225
33.8,-80.7,1846189.0,9060.0,0.0,1989,35.75471698113208,1001.1132075471698,873.1874457541225
33.8,-80.7,1880713.0,9241.0,0.0,1990,35.75471698113208,1001.1132075471698,873.1874457541225
33.8,-80.7,1916071.0,9426.0,0.0,1991,35.75471698113208,1001.1132075471698,873.1874457541225
33.8,-80.7,1945387.0,9614.0,0.0,1992,35.75471698113208,1001.1132075471698,873.1874457541225
33.8,-80.7,1988769.0,9807.0,0.0,1993,35.75471698113208,1001.1132075471698,873.1874457541225
33.8,-80.7,2032720.0,10003.0,0.0,1994,35.75471698113208,1001.1132075471698,873.1874457541225
33.8,-80.7,2064431.0,10203.0,0.0,1995,35.75471698113208,1001.1132075471698,873.1874457541225
33.8,-80.7,2113358.0,10407.0,0.0,1996,35.75471698113208,1001.1132075471698,873.1874457541225
33.8,-80.7,2151398.0,10615.0,0.0,1997,35.75471698113208,1001.1132075471698,873.1874457541225
33.8,-80.7,2203892.0,10827.0,0.0,1998,35.75471698113208,1001.1132075471698,873.1874457541225
33.8,-80.7,2240036.0,11044.0,0.0,1999,35.75471698113208,1001.1132075471698,873.1874457541225
33.8,-80.7,2289541.0,11265.0,0.0,2000,35.75471698113208,1001.1132075471698,873.1874457541225
33.8,-80.7,2328005.0,11490.0,0.0,2001,35.75471698113208,1001.1132075471698,873.1874457541225
33.8,-80.7,2374333.0,11720.0,0.0,2002,35.75471698113208,1001.1132075471698,873.1874457541225
33.8,-80.7,2409948.0,11954.0,0.0,2003,35.75471698113208,1001.1132075471698,873.1874457541225
33.8,-80.7,2456460.0,12193.0,0.0,2004,35.75471698113208,1001.1132075471698,873.1874457541225
33.8,-80.7,2500430.0,12437.0,0.0,2005,35.75471698113208,1001.1132075471698,873.1874457541225
33.8,-80.7,2552939.0,12686.0,0.0,2006,35.75471698113208,1001.1132075471698,873.1874457541225
33.8,-80.7,2606040.0,12940.0,0.0,2007,35.75471698113208,1001.1132075471698,873.1874457541225
33.8,-80.7,2647216.0,13198.0,0.0,2008,35.75471698113208,1001.1132075471698,873.1874457541225
33.8,-80.7,2699366.0,13462.0,0.0,2009,35.75471698113208,1001.1132075471698,873.1874457541225
33.8,-80.7,2759292.0,13732.0,0.0,2010,35.75471698113208,1001.1132075471698,873.1874457541225
33.8,-80.7,2808683.0,14006.0,0.0,2011,35.75471698113208,1001.1132075471698,873.1874457541225
33.8,-80.7,2874687.0,14286.0,0.0,2012,35.75471698113208,1001.1132075471698,873.1874457541225
33.8,-80.7,2925282.0,14572.0,0.0,2013,35.75471698113208,1001.1132075471698,873.1874457541225
33.8,-80.7,2977644.0,14864.0,0.0,2014,35.75471698113208,1001.1132075471698,873.1874457541225
33.8,-80.7,3026478.0,15161.0,0.0,2015,35.75471698113208,1001.1132075471698,873.1874457541225
33.8,-80.7,3097297.0,15464.0,0.0,2016,35.75471698113208,1001.1132075471698,873.1874457541225
33.8,-80.7,3157695.0,15773.0,85807.0,2017,35.75471698113208,1001.1132075471698,873.1874457541225
33.8,-80.7,3227795.0,16089.0,0.0,2018,35.75471698113208,1001.1132075471698,873.1874457541225
33.8,-80.7,3286864.0,16411.0,82545.0,2019,35.75471698113208,1001.1132075471698,873.1874457541225
33.8,-80.7,3342083.0,16739.0,0.0,2020,35.75471698113208,1001.1132075471698,873.1874457541225
33.8,-80.7,3421625.0,17073.0,137783.0,2021,35.75471698113208,1001.1132075471698,873.1874457541225
24.8,-111.6,334459.0,1975.0,0.0,1985,45.70652173913044,993.4239130434783,318.35460187634436
24.8,-111.6,340212.0,2014.0,0.0,1986,45.70652173913044,993.4239130434783,318.35460187634436
24.8,-111.6,345519.0,2054.0,0.0,1987,45.70652173913044,993.4239130434783,318.35460187634436
24.8,-111.6,352706.0,2095.0,0.0,1988,45.70652173913044,993.4239130434783,318.35460187634436
24.8,-111.6,360324.0,2137.0,0.0,1989,45.70652173913044,993.4239130434783,318.35460187634436
24.8,-111.6,368900.0,2180.0,20755.0,1990,45.70652173913044,993.4239130434783,318.35460187634436
24.8,-111.6,375540.0,2224.0,0.0,1991,45.70652173913044,993.4239130434783,318.35460187634436
24.8,-111.6,384253.0,2268.0,16671.0,1992,45.70652173913044,993.4239130434783,318.35460187634436
24.8,-111.6,390016.0,2314.0,0.0,1993,45.70652173913044,993.4239130434783,318.35460187634436
24.8,-111.6,399767.0,2360.0,0.0,1994,45.70652173913044,993.4239130434783,318.35460187634436
24.8,-111.6,407642.0,2407.0,0.0,1995,45.70652173913044,993.4239130434783,318.35460187634436
24.8,-111.6,417507.0,2455.0,0.0,1996,45.70652173913044,993.4239130434783,318.35460187634436
24.8,-111.6,426108.0,2504.0,0.0,1997,45.70652173913044,993.4239130434783,318.35460187634436
24.8,-111.6,434460.0,2554.0,0.0,1998,45.70652173913044,993.4239130434783,318.35460187634436
24.8,-111.6,441628.0,2605.0,0.0,1999,45.70652173913044,993.4239130434783,318.35460187634436
24.8,-111.6,448606.0,2658.0,0.0,2000,45.70652173913044,993.4239130434783,318.35460187634436
24.8,-111.6,458789.0,2711.0,0.0,2001,45.70652173913044,993.4239130434783,318.35460187634436
24.8,-111.6,468653.0,2765.0,0.0,2002,45.70652173913044,993.4239130434783,318.35460187634436
24.8,-111.6,477136.0,2820.0,0.0,2003,45.70652173913044,993.4239130434783,318.35460187634436
24.8,-111.6,485772.0,2877.0,0.0,2004,45.70652173913044,993.4239130434783,318.35460187634436
24.8,-111.6,496265.0,2934.0,0.0,2005,45.70652173913044,993.4239130434783,318.35460187634436
24.8,-111.6,506785.0,2993.0,0.0,2006,45.70652173913044,993.4239130434783,318.35460187634436
24.8,-111.6,516820.0,3053.0,0.0,2007,45.70652173913044,993.4239130434783,318.35460187634436
24.8,-111.6,525192.0,3114.0,0.0,2008,45.70652173913044,993.4239130434783,318.35460187634436
24.8,-111.6,536484.0,3176.0,0.0,2009,45.70652173913044,993.4239130434783,318.35460187634436
24.8,-111.6,546570.0,3240.0,0.0,2010,45.70652173913044,993.4239130434783,318.35460187634436
24.8,-111.6,558321.0,3304.0,0.0,2011,45.70652173913044,993.4239130434783,318.35460187634436
24.8,-111.6,566696.0,3370.0,25649.0,2012,45.70652173913044,993.4239130434783,318.35460187634436
24.8,-111.6,579786.0,3438.0,0.0,2013,45.70652173913044,993.4239130434783,318.35460187634436
24.8,-111.6,588831.0,3507.0,19041.0,2014,45.70652173913044,993.4239130434783,318.35460187634436
24.8,-111.6,601491.0,3577.0,0.0,2015,45.70652173913044,993.4239130434783,318.35460187634436
24.8,-111.6,615927.0,3648.0,0.0,2016,45.70652173913044,993.4239130434783,318.35460187634436
24.8,-111.6,629908.0,3721.0,0.0,2017,45.70652173913044,993.4239130434783,318.35460187634436
24.8,-111.6,643073.0,3796.0,0.0,2018,45.70652173913044,993.4239130434783,318.35460187634436
24.8,-111.6,658571.0,3872.0,0.0,2019,45.70652173913044,993.4239130434783,318.35460187634436
24.8,-111.6,674904.0,3949.0,23931.0,2020,45.70652173913044,993.4239130434783,318.35460187634436
24.8,-111.6,689482.0,4028.0,0.0,2021,45.70652173913044,993.4239130434783,318.35460187634436
51.1,-114.3,821487.0,5990.0,0.0,1985,,,
51.1,-114.3,834302.0,6109.0,0.0,1986,,,
51.1,-114.3,850737.0,6232.0,59386.0,1987,,,
51.1,-114.3,863839.0,6356.0,0.0,1988,,,
51.1,-114.3,878697.0,6483.0,0.0,1989,,,
51.1,-114.3,898204.0,6613.0,0.0,1990,,,
51.1,-114.3,919851.0,6745.0,0.0,1991,,,
51.1,-114.3,936040.0,6880.0,0.0,1992,,,
51.1,-114.3,950174.0,7018.0,0.0,1993,,,
51.1,-114.3,967942.0,7158.0,0.0,1994,,,
51.1,-114.3,989431.0,7301.0,0.0,1995,,,
51.1,-114.3,1005657.0,7447.0,0.0,1996,,,
51.1,-114.3,1023156.0,7596.0,0.0,1997,,,
51.1,-114.3,1047712.0,7748.0,0.0,1998,,,
51.1,-114.3,1071390.0,7903.0,0.0,1999,,,
51.1,-114.3,1097532.0,8061.0,0.0,2000,,,
51.1,-114.3,1121568.0,8222.0,0.0,2001,,,
51.1,-114.3,1142878.0,8387.0,0.0,2002,,,
51.1,-114.3,1164935.0,8555.0,0.0,2003,,,
51.1,-114.3,1188001.0,8726.0,0.0,2004,,,
51.1,-114.3,1210098.0,8900.0,0.0,2005,,,
51.1,-114.3,1234300.0,9078.0,0.0,2006,,,
51.1,-114.3,1253678.0,9260.0,0.0,2007,,,
51.1,-114.3,1274991.0,9445.0,0.0,2008,,,
51.1,-114.3,1300745.0,9634.0,0.0,2009,,,
51.1,-114.3,1328581.0,9826.0,0.0,2010,,,
51.1,-114.3,1355684.0,10023.0,0.0,2011,,,
51.1,-114.3,1385916.0,10223.0,94056.0,2012,,,
51.1,-114.3,1411140.0,10428.0,0.0,2013,,,
51.1,-114.3,1445854.0,10636.0,85730.0,2014,,,
51.1,-114.3,1479542.0,10849.0,0.0,2015,,,
51.1,-114.3,1511796.0,11066.0,0.0,2016,,,
51.1,-114.3,1547021.0,11288.0,0.0,2017,,,
51.1,-114.3,1576105.0,11513.0,0.0,2018,,,
51.1,-114.3,1613301.0,11744.0,0.0,2019,,,
51.1,-114.3,1646858.0,11978.0,0.0,2020,,,
51.1,-114.3,1676172.0,12218.0,81738.0,2021,,,
25.0,-77.4,1440680.0,6620.0,0.0,1985,60.72727272727273,983.8363636363637,158.7624950685566
25.0,-77.4,1469061.0,6753.0,0.0,1986,60.72727272727273,983.8363636363637,158.7624950685566
25.0,-77.4,1493007.0,6888.0,60613.0,1987,60.72727272727273,983.8363636363637,158.7624950685566
25.0,-77.4,1526003.0,7026.0,0.0,1988,60.72727272727273,983.8363636363637,158.7624950685566
25.0,-77.4,1551029.0,7166.0,0.0,1989,60.72727272727273,983.8363636363637,158.7624950685566
25.0,-77.4,1586392.0,7309.0,45757.0,1990,60.72727272727273,983.8363636363637,158.7624950685566
25.0,-77.4,1613996.0,7456.0,0.0,1991,60.72727272727273,983.8363636363637,158.7624950685566
25.0,-77.4,1648374.0,7605.0,0.0,1992,60.72727272727273,983.8363636363637,158.7624950685566
25.0,-77.4,1683319.0,7757.0,0.0,1993,60.72727272727273,983.8363636363637,158.7624950685566
25.0,-77.4,1721362.0,7912.0,42013.0,1994,60.72727272727273,983.8363636363637,158.7624950685566
25.0,-77.4,1752175.0,8070.0,0.0,1995,60.72727272727273,983.8363636363637,158.7624950685566
25.0,-77.4,1789321.0,8232.0,0.0,1996,60.72727272727273,983.8363636363637,158.7624950685566
25.0,-77.4,1824570.0,8396.0,0.0,1997,60.72727272727273,983.8363636363637,158.7624950685566
25.0,-77.4,1859785.0,8564.0,0.0,1998,60.72727272727273,983.8363636363637,158.7624950685566
25.0,-77.4,1899770.0,8735.0,0.0,1999,60.72727272727273,983.8363636363637,158.7624950685566
25.0,-77.4,1944795.0,8910.0,0.0,2000,60.72727272727273,983.8363636363637,158.7624950685566
25.0,-77.4,1985441.0,9088.0,0.0,2001,60.72727272727273,983.8363636363637,158.7624950685566
25.0,-77.4,2022568.0,9270.0,0.0,2002,60.72727272727273,983.8363636363637,158.7624950685566
25.0,-77.4,2061200.0,9456.0,0.0,2003,60.72727272727273,983.8363636363637,158.7624950685566
25.0,-77.4,2103866.0,9645.0,0.0,2004,60.72727272727273,983.8363636363637,158.7624950685566
25.0,-77.4,2144050.0,9838.0,0.0,2005,60.72727272727273,983.8363636363637,158.7624950685566
25.0,-77.4,2178569.0,10034.0,0.0,2006,60.72727272727273,983.8363636363637,158.7624950685566
25.0,-77.4,2213862.0,10235.0,0.0,2007,60.72727272727273,983.8363636363637,158.7624950685566
25.0,-77.4,2266774.0,10440.0,0.0,2008,60.72727272727273,983.8363636363637,158.7624950685566
25.0,-77.4,2303042.0,10649.0,0.0,2009,60.72727272727273,983.8363636363637,158.7624950685566
25.0,-77.4,2347951.0,10861.0,93409.0,2010,60.72727272727273,983.8363636363637,158.7624950685566
25.0,-77.4,2385988.0,11079.0,0.0,2011,60.72727272727273,983.8363636363637,158.7624950685566
25.0,-77.4,2422016.0,11300.0,0.0,2012,60.72727272727273,983.8363636363637,158.7624950685566
25.0,-77.4,2470457.0,11526.0,0.0,2013,60.72727272727273,983.8363636363637,158.7624950685566
25.0,-77.4,2516654.0,11757.0,0.0,2014,60.72727272727273,983.8363636363637,158.7624950685566
25.0,-77.4,2557927.0,11992.0,0.0,2015,60.72727272727273,983.8363636363637,158.7624950685566
25.0,-77.4,2596808.0,12232.0,0.0,2016,60.72727272727273,983.8363636363637,158.7624950685566
25.0,-77.4,2644849.0,12476.0,0.0,2017,60.72727272727273,983.8363636363637,158.7624950685566
25.0,-77.4,2697746.0,12726.0,0.0,2018,60.72727272727273,983.8363636363637,158.7624950685566
25.0,-77.4,2739021.0,12980.0,0.0,2019,60.72727272727273,983.8363636363637,158.7624950685566
25.0,-77.4,2796815.0,13240.0,0.0,2020,60.72727272727273,983.8363636363637,158.7624950685566
25.0,-77.4,2851912.0,13505.0,0.0,2021,60.72727272727273,983.8363636363637,158.7624950685566
35.6,-87.0,1559810.0,11375.0,0.0,1985,24.545454545454547,998.8181818181819,873.1874457541228
35.6,-87.0,1598182.0,11602.0,0.0,1986,24.545454545454547,998.8181818181819,873.1874457541228
35.6,-87.0,1636058.0,11834.0,0.0,1987,24.545454545454547,998.8181818181819,873.1874457541228
35.6,-87.0,1670579.0,12071.0,0.0,1988,24.545454545454547,998.8181818181819,873.1874457541228
35.6,-87.0,1705996.0,12312.0,0.0,1989,24.545454545454547,998.8181818181819,873.1874457541228
35.6,-87.0,1740115.0,12559.0,0.0,1990,24.545454545454547,998.8181818181819,873.1874457541228
35.6,-87.0,1767609.0,12810.0,0.0,1991,24.545454545454547,998.8181818181819,873.1874457541228
35.6,-87.0,1801547.0,13066.0,0.0,1992,24.545454545454547,998.8181818181819,873.1874457541228
35.6,-87.0,1833795.0,13327.0,0.0,1993,24.545454545454547,998.8181818181819,873.1874457541228
35.6,-87.0,1878906.0,13594.0,0.0,1994,24.545454545454547,998.8181818181819,873.1874457541228
35.6,-87.0,1920430.0,13866.0,0.0,1995,24.545454545454547,998.8181818181819,873.1874457541228
35.6,-87.0,1949429.0,14143.0,105648.0,1996,24.545454545454547,998.8181818181819,873.1874457541228
35.6,-87.0,1978670.0,14426.0,0.0,1997,24.545454545454547,998.8181818181819,873.1874457541228
35.6,-87.0,2025169.0,14714.0,0.0,1998,24.545454545454547,998.8181818181819,873.1874457541228
35.6,-87.0,2062230.0,15009.0,0.0,1999,24.545454545454547,998.8181818181819,873.1874457541228
35.6,-87.0,2112754.0,15309.0,0.0,2000,24.545454545454547,998.8181818181819,873.1874457541228
35.6,-87.0,2146981.0,15615.0,0.0,2001,24.545454545454547,998.8181818181819,873.1874457541228
35.6,-87.0,2198938.0,15927.0,0.0,2002,24.545454545454547,998.8181818181819,873.1874457541228
35.6,-87.0,2250613.0,16246.0,0.0,2003,24.545454545454547,998.8181818181819,873.1874457541228
35.6,-87.0,2293599.0,16571.0,0.0,2004,24.545454545454547,998.8181818181819,873.1874457541228
35.6,-87.0,2337866.0,16902.0,0.0,2005,24.545454545454547,998.8181818181819,873.1874457541228
35.6,-87.0,2396079.0,17240.0,0.0,2006,24.545454545454547,998.8181818181819,873.1874457541228
35.6,-87.0,2435374.0,17585.0,0.0,2007,24.545454545454547,998.8181818181819,873.1874457541228
35.6,-87.0,2476289.0,17937.0,0.0,2008,24.545454545454547,998.8181818181819,873.1874457541228
35.6,-87.0,2515167.0,18295.0,0.0,2009,24.545454545454547,998.8181818181819,873.1874457541228
35.6,-87.0,2557421.0,18661.0,0.0,2010,24.545454545454547,998.8181818181819,873.1874457541228
35.6,-87.0,2618799.0,19035.0,0.0,2011,24.545454545454547,998.8181818181819,873.1874457541228
35.6,-87.0,2664628.0,19415.0,0.0,2012,24.545454545454547,998.8181818181819,873.1874457541228
35.6,-87.0,2714457.0,19804.0,0.0,2013,24.545454545454547,998.8181818181819,873.1874457541228
35.6,-87.0,2756802.0,20200.0,0.0,2014,24.545454545454547,998.8181818181819,873.1874457541228
35.6,-87.0,2814971.0,20604.0,0.0,2015,24.545454545454547,998.8181818181819,873.1874457541228
35.6,-87.0,2885345.0,21016.0,192924.0,2016,24.545454545454547,998.8181818181819,873.1874457541228
35.6,-87.0,2932088.0,21436.0,0.0,2017,24.545454545454547,998.8181818181819,873.1874457541228
35.6,-87.0,2988091.0,21865.0,0.0,2018,24.545454545454547,998.8181818181819,873.1874457541228
35.6,-87.0,3037992.0,22302.0,0.0,2019,24.545454545454547,998.8181818181819,873.1874457541228
35.6,-87.0,3087815.0,22748.0,0.0,2020,24.545454545454547,998.8181818181819,873.1874457541228
35.6,-87.0,3137220.0,23203.0,0.0,2021,24.545454545454547,998.8181818181819,873.1874457541228
39.4,-94.8,2444891.0,8428.0,0.0,1985,,,
39.4,-94.8,2489876.0,8596.0,57424.0,1986,,,
39.4,-94.8,2536935.0,8768.0,0.0,1987,,,
39.4,-94.8,2596046.0,8944.0,0.0,1988,,,
39.4,-94.8,2648486.0,9123.0,0.0,1989,,,
39.4,-94.8,2701985.0,9305.0,0.0,1990,,,
39.4,-94.8,2766022.0,9491.0,0.0,1991,,,
39.4,-94.8,2827705.0,9681.0,0.0,1992,,,
39.4,-94.8,2889631.0,9875.0,0.0,1993,,,
39.4,-94.8,2960427.0,10072.0,0.0,1994,,,
39.4,-94.8,3031182.0,10274.0,0.0,1995,,,
39.4,-94.8,3088168.0,10479.0,0.0,1996,,,
39.4,-94.8,3144372.0,10689.0,0.0,1997,,,
39.4,-94.8,3201600.0,10902.0,0.0,1998,,,
39.4,-94.8,3249624.0,11120.0,0.0,1999,,,
39.4,-94.8,3322741.0,11343.0,0.0,2000,,,
39.4,-94.8,3378895.0,11570.0,0.0,2001,,,
39.4,-94.8,3437688.0,11801.0,0.0,2002,,,
39.4,-94.8,3506098.0,12037.0,0.0,2003,,,
39.4,-94.8,3574467.0,12278.0,0.0,2004,,,
39.4,-94.8,3654535.0,12523.0,0.0,2005,,,
39.4,-94.8,3734569.0,12774.0,64763.0,2006,,,
39.4,-94.8,3809260.0,13029.0,0.0,2007,,,
39.4,-94.8,3901063.0,13290.0,85454.0,2008,,,
39.4,-94.8,3967381.0,13556.0,0.0,2009,,,
39.4,-94.8,4031653.0,13827.0,0.0,2010,,,
39.4,-94.8,4094547.0,14103.0,0.0,2011,,,
39.4,-94.8,4162516.0,14385.0,0.0,2012,,,
39.4,-94.8,4265330.0,14673.0,0.0,2013,,,
39.4,-94.8,4336562.0,14967.0,0.0,2014,,,
39.4,-94.8,4444108.0,15266.0,0.0,2015,,,
39.4,-94.8,4523658.0,15571.0,0.0,2016,,,
39.4,-94.8,4603727.0,15883.0,0.0,2017,,,
39.4,-94.8,4715137.0,16200.0,0.0,2018,,,
39.4,-94.8,4791522.0,16524.0,0.0,2019,,,
39.4,-94.8,4902206.0,16855.0,0.0,2020,,,
39.4,-94.8,4990936.0,17192.0,0.0,2021,,,
4.8,-52.5,465761.0,4290.0,0.0,1985,,,
4.8,-52.5,473400.0,4375.0,30146.0,1986,,,
4.8,-52.5,483625.0,4463.0,43780.0,1987,,,
4.8,-52.5,494216.0,4552.0,0.0,1988,,,
4.8,-52.5,502223.0,4643.0,0.0,1989,,,
4.8,-52.5,511665.0,4736.0,0.0,1990,,,
4.8,-52.5,522870.0,4831.0,45505.0,1991,,,
4.8,-52.5,533380.0,4927.0,0.0,1992,,,
4.8,-52.5,542501.0,5026.0,0.0,1993,,,
4.8,-52.5,553785.0,5126.0,30245.0,1994,,,
4.8,-52.5,564140.0,5229.0,0.0,1995,,,
4.8,-52.5,575028.0,5333.0,0.0,1996,,,
4.8,-52.5,585206.0,5440.0,0.0,1997,,,
4.8,-52.5,594745.0,5549.0,0.0,1998,,,
4.8,-52.5,607770.0,5660.0,0.0,1999,,,
4.8,-52.5,620412.0,5773.0,51727.0,2000,,,
4.8,-52.5,629718.0,5889.0,0.0,2001,,,
4.8,-52.5,644894.0,6006.0,0.0,2002,,,
4.8,-52.5,656438.0,6126.0,0.0,2003,,,
4.8,-52.5,670354.0,6249.0,0.0,2004,,,
4.8,-52.5,684499.0,6374.0,0.0,2005,,,
4.8,-52.5,701200.0,6501.0,0.0,2006,,,
4.8,-52.5,712630.0,6631.0,0.0,2007,,,
4.8,-52.5,725885.0,6764.0,0.0,2008,,,
4.8,-52.5,736773.0,6899.0,0.0,2009,,,
4.8,-52.5,754308.0,7037.0,0.0,2010,,,
4.8,-52.5,772185.0,7178.0,41490.0,2011,,,
4.8,-52.5,788942.0,7322.0,0.0,2012,,,
4.8,-52.5,802117.0,7468.0,0.0,2013,,,
4.8,-52.5,819443.0,7617.0,0.0,2014,,,
4.8,-52.5,839027.0,7770.0,0.0,2015,,,
4.8,-52.5,855808.0,7925.0,0.0,2016,,,
4.8,-52.5,876775.0,8084.0,0.0,2017,,,
4.8,-52.5,892645.0,8245.0,0.0,2018,,,
4.8,-52.5,912283.0,8410.0,0.0,2019,,,
4.8,-52.5,930985.0,8579.0,0.0,2020,,,
4.8,-52.5,947091.0,8750.0,0.0,2021,,,
15.0,-83.7,200943.0,1337.0,0.0,1985,42.6530612244898,997.1224489795918,362.5299540092096
15.0,-83.7,204278.0,1363.0,0.0,1986,42.6530612244898,997.1224489795918,362.5299540092096
15.0,-83.7,208773.0,1391.0,0.0,1987,42.6530612244898,997.1224489795918,362.5299540092096
15.0,-83.7,212990.0,1419.0,0.0,1988,42.6530612244898,997.1224489795918,362.5299540092096
15.0,-83.7,216589.0,1447.0,0.0,1989,42.6530612244898,997.1224489795918,362.5299540092096
15.0,-83.7,220076.0,1476.0,0.0,1990,42.6530612244898,997.1224489795918,362.5299540092096
15.0,-83.7,223664.0,1505.0,0.0,1991,42.6530612244898,997.1224489795918,362.5299540092096
15.0,-83.7,228786.0,1535.0,0.0,1992,42.6530612244898,997.1224489795918,362.5299540092096
15.0,-83.7,233544.0,1566.0,0.0,1993,42.6530612244898,997.1224489795918,362.5299540092096
15.0,-83.7,238332.0,1598.0,0.0,1994,42.6530612244898,997.1224489795918,362.5299540092096
15.0,-83.7,242884.0,1629.0,0.0,1995,42.6530612244898,997.1224489795918,362.5299540092096
15.0,-83.7,247815.0,1662.0,0.0,1996,42.6530612244898,997.1224489795918,362.5299540092096
15.0,-83.7,253192.0,1695.0,0.0,1997,42.6530612244898,997.1224489795918,362.5299540092096
15.0,-83.7,258940.0,1729.0,0.0,1998,42.6530612244898,997.1224489795918,362.5299540092096
15.0,-83.7,263704.0,1764.0,0.0,1999,42.6530612244898,997.1224489795918,362.5299540092096
15.0,-83.7,269479.0,1799.0,0.0,2000,42.6530612244898,997.1224489795918,362.5299540092096
15.0,-83.7,274545.0,1835.0,0.0,2001,42.6530612244898,997.1224489795918,362.5299540092096
15.0,-83.7,278938.0,1872.0,0.0,2002,42.6530612244898,997.1224489795918,362.5299540092096
15.0,-83.7,284182.0,1909.0,0.0,2003,42.6530612244898,997.1224489795918,362.5299540092096
15.0,-83.7,290406.0,1947.0,0.0,2004,42.6530612244898,997.1224489795918,362.5299540092096
15.0,-83.7,295517.0,1986.0,11541.0,2005,42.6530612244898,997.1224489795918,362.5299540092096
15.0,-83.7,301043.0,2026.0,0.0,2006,42.6530612244898,997.1224489795918,362.5299540092096
15.0,-83.7,307847.0,2067.0,0.0,2007,42.6530612244898,997.1224489795918,362.5299540092096
15.0,-83.7,313080.0,2108.0,0.0,2008,42.6530612244898,997.1224489795918,362.5299540092096
15.0,-83.7,319373.0,2150.0,0.0,2009,42.6530612244898,997.1224489795918,362.5299540092096
15.0,-83.7,324291.0,2193.0,0.0,2010,42.6530612244898,997.1224489795918,362.5299540092096
15.0,-83.7,332139.0,2237.0,0.0,2011,42.6530612244898,997.1224489795918,362.5299540092096
15.0,-83.7,338948.0,2282.0,0.0,2012,42.6530612244898,997.1224489795918,362.5299540092096
15.0,-83.7,344100.0,2327.0,0.0,2013,42.6530612244898,997.1224489795918,362.5299540092096
15.0,-83.7,351739.0,2374.0,0.0,2014,42.6530612244898,997.1224489795918,362.5299540092096
15.0,-83.7,358985.0,2421.0,20218.0,2015,42.6530612244898,997.1224489795918,362.5299540092096
15.0,-83.7,366811.0,2470.0,0.0,2016,42.6530612244898,997.1224489795918,362.5299540092096
15.0,-83.7,374844.0,2519.0,0.0,2017,42.6530612244898,997.1224489795918,362.5299540092096
15.0,-83.7,382491.0,2570.0,19143.0,2018,42.6530612244898,997.1224489795918,362.5299540092096
15.0,-83.7,389988.0,2621.0,0.0,2019,42.6530612244898,997.1224489795918,362.5299540092096
15.0,-83.7,399035.0,2673.0,0.0,2020,42.6530612244898,997.1224489795918,362.5299540092096
15.0,-83.7,407016.0,2727.0,0.0,2021,42.6530612244898,997.1224489795918,362.5299540092096
35.4,-90.9,2173623.0,17796.0,0.0,1985,19.6875,1006.125,873.1874457541227
35.4,-90.9,2209053.0,18152.0,133415.0,1986,19.6875,1006.125,873.1874457541227
35.4,-90.9,2261408.0,18515.0,0.0,1987,19.6875,1006.125,873.1874457541227
35.4,-90.9,2309124.0,18885.0,0.0,1988,19.6875,1006.125,873.1874457541227
35.4,-90.9,2344453.0,19263.0,0.0,1989,19.6875,1006.125,873.1874457541227
35.4,-90.9,2398376.0,19648.0,0.0,1990,19.6875,1006.125,873.1874457541227
35.4,-90.9,2442506.0,20041.0,0.0,1991,19.6875,1006.125,873.1874457541227
35.4,-90.9,2499416.0,20442.0,186429.0,1992,19.6875,1006.125,873.1874457541227
35.4,-90.9,2560152.0,20851.0,0.0,1993,19.6875,1006.125,873.1874457541227
35.4,-90.9,2607771.0,21268.0,0.0,1994,19.6875,1006.125,873.1874457541227
35.4,-90.9,2650538.0,21693.0,0.0,1995,19.6875,1006.125,873.1874457541227
35.4,-90.9,2695067.0,22127.0,0.0,1996,19.6875,1006.125,873.1874457541227
35.4,-90.9,2743309.0,22569.0,0.0,1997,19.6875,1006.125,873.1874457541227
35.4,-90.9,2795981.0,23021.0,0.0,1998,19.6875,1006.125,873.1874457541227
35.4,-90.9,2855815.0,23481.0,144879.0,1999,19.6875,1006.125,873.1874457541227
35.4,-90.9,2902364.0,23951.0,190888.0,2000,19.6875,1006.125,873.1874457541227
35.4,-90.9,2955187.0,24430.0,0.0,2001,19.6875,1006.125,873.1874457541227
35.4,-90.9,3026112.0,24918.0,0.0,2002,19.6875,1006.125,873.1874457541227
35.4,-90.9,3091778.0,25417.0,162667.0,2003,19.6875,1006.125,873.1874457541227
35.4,-90.9,3168764.0,25925.0,183809.0,2004,19.6875,1006.125,873.1874457541227
35.4,-90.9,3243547.0,26444.0,0.0,2005,19.6875,1006.125,873.1874457541227
35.4,-90.9,3298687.0,26972.0,0.0,2006,19.6875,1006.125,873.1874457541227
35.4,-90.9,3352126.0,27512.0,201387.0,2007,19.6875,1006.125,873.1874457541227
35.4,-90.9,3412464.0,28062.0,0.0,2008,19.6875,1006.125,873.1874457541227
35.4,-90.9,3495728.0,28623.0,0.0,2009,19.6875,1006.125,873.1874457541227
35.4,-90.9,3557952.0,29196.0,0.0,2010,19.6875,1006.125,873.1874457541227
35.4,-90.9,3632669.0,29780.0,0.0,2011,19.6875,1006.125,873.1874457541227
35.4,-90.9,3720943.0,30375.0,0.0,2012,19.6875,1006.125,873.1874457541227
35.4,-90.9,3813966.0,30983.0,0.0,2013,19.6875,1006.125,873.1874457541227
35.4,-90.9,3892534.0,31603.0,0.0,2014,19.6875,1006.125,873.1874457541227
35.4,-90.9,3964157.0,32235.0,0.0,2015,19.6875,1006.125,873.1874457541227
35.4,-90.9,4045818.0,32879.0,0.0,2016,19.6875,1006.125,873.1874457541227
35.4,-90.9,4108529.0,33537.0,0.0,2017,19.6875,1006.125,873.1874457541227
35.4,-90.9,4211242.0,34208.0,0.0,2018,19.6875,1006.125,873.1874457541227
35.4,-90.9,4288307.0,34892.0,0.0,2019,19.6875,1006.125,873.1874457541227
35.4,-90.9,4380506.0,35590.0,0.0,2020,19.6875,1006.125,873.1874457541227
35.4,-90.9,4449280.0,36301.0,0.0,2021,19.6875,1006.125,873.1874457541227
39.7,-86.1,679009.0,7200.0,0.0,1985,21.842105263157894,1004.2631578947369,873.1874457541227
39.7,-86.1,690348.0,7344.0,0.0,1986,21.842105263157894,1004.2631578947369,873.1874457541227
39.7,-86.1,703051.0,7491.0,0.0,1987,21.842105263157894,1004.2631578947369,873.1874457541227
39.7,-86.1,716549.0,7641.0,0.0,1988,21.842105263157894,1004.2631578947369,873.1874457541227
39.7,-86.1,728158.0,7794.0,0.0,1989,21.842105263157894,1004.2631578947369,873.1874457541227
39.7,-86.1,746289.0,7949.0,0.0,1990,21.842105263157894,1004.2631578947369,873.1874457541227
39.7,-86.1,758453.0,8108.0,0.0,1991,21.842105263157894,1004.2631578947369,873.1874457541227
39.7,-86.1,773243.0,8271.0,0.0,1992,21.842105263157894,1004.2631578947369,873.1874457541227
39.7,-86.1,790873.0,8436.0,0.0,1993,21.842105263157894,1004.2631578947369,873.1874457541227
39.7,-86.1,807798.0,8605.0,0.0,1994,21.842105263157894,1004.2631578947369,873.1874457541227
39.7,-86.1,821611.0,8777.0,0.0,1995,21.842105263157894,1004.2631578947369,873.1874457541227
39.7,-86.1,837386.0,8952.0,0.0,1996,21.842105263157894,1004.2631578947369,873.1874457541227
39.7,-86.1,850700.0,9131.0,0.0,1997,21.842105263157894,1004.2631578947369,873.1874457541227
39.7,-86.1,868565.0,9314.0,64267.0,1998,21.842105263157894,1004.2631578947369,873.1874457541227
39.7,-86.1,883939.0,9500.0,53107.0,1999,21.842105263157894,1004.2631578947369,873.1874457541227
39.7,-86.1,900733.0,9690.0,0.0,2000,21.842105263157894,1004.2631578947369,873.1874457541227
39.7,-86.1,922982.0,9884.0,0.0,2001,21.842105263157894,1004.2631578947369,873.1874457541227
39.7,-86.1,937842.0,10082.0,0.0,2002,21.842105263157894,1004.2631578947369,873.1874457541227
39.7,-86.1,954348.0,10283.0,0.0,2003,21.842105263157894,1004.2631578947369,873.1874457541227
39.7,-86.1,975439.0,10489.0,0.0,2004,21.842105263157894,1004.2631578947369,873.1874457541227
39.7,-86.1,997776.0,10699.0,0.0,2005,21.842105263157894,1004.2631578947369,873.1874457541227
39.7,-86.1,1019428.0,10913.0,0.0,2006,21.842105263157894,1004.2631578947369,873.1874457541227
39.7,-86.1,1041448.0,11131.0,0.0,2007,21.842105263157894,1004.2631578947369,873.1874457541227
39.7,-86.1,1061964.0,11354.0,0.0,2008,21.842105263157894,1004.2631578947369,873.1874457541227
39.7,-86.1,1084372.0,11581.0,0.0,2009,21.842105263157894,1004.2631578947369,873.1874457541227
39.7,-86.1,1107360.0,11812.0,0.0,2010,21.842105263157894,1004.2631578947369,873.1874457541227
39.7,-86.1,1130615.0,12049.0,0.0,2011,21.842105263157894,1004.2631578947369,873.1874457541227
39.7,-86.1,1154810.0,12290.0,0.0,2012,21.842105263157894,1004.2631578947369,873.1874457541227
39.7,-86.1,1176751.0,12535.0,0.0,2013,21.842105263157894,1004.2631578947369,873.1874457541227
39.7,-86.1,1197109.0,12786.0,0.0,2014,21.842105263157894,1004.2631578947369,873.1874457541227
39.7,-86.1,1223565.0,13042.0,0.0,2015,21.842105263157894,1004.2631578947369,873.1874457541227
39.7,-86.1,1244244.0,13303.0,0.0,2016,21.842105263157894,1004.2631578947369,873.1874457541227
39.7,-86.1,1273608.0,13569.0,0.0,2017,21.842105263157894,1004.2631578947369,873.1874457541227
39.7,-86.1,1303920.0,13840.0,0.0,2018,21.842105263157894,1004.2631578947369,873.1874457541227
39.7,-86.1,1329607.0,14117.0,0.0,2019,21.842105263157894,1004.2631578947369,873.1874457541227
39.7,-86.1,1360587.0,14399.0,0.0,2020,21.842105263157894,1004.2631578947369,873.1874457541227
39.7,-86.1,1382356.0,14687.0,0.0,2021,21.842105263157894,1004.2631578947369,873.1874457541227
33.0,-93.6,730268.0,7452.0,0.0,1985,25.675675675675677,1001.8918918918919,873.1874457541228
33.0,-93.6,745530.0,7601.0,0.0,1986,25.675675675675677,1001.8918918918919,873.1874457541228
33.0,-93.6,763348.0,7753.0,0.0,1987,25.675675675675677,1001.8918918918919,873.1874457541228
33.0,-93.6,775791.0,7908.0,0.0,1988,25.675675675675677,1001.8918918918919,873.1874457541228
33.0,-93.6,789678.0,8066.0,0.0,1989,25.675675675675677,1001.8918918918919,873.1874457541228
33.0,-93.6,809025.0,8227.0,0.0,1990,25.675675675675677,1001.8918918918919,873.1874457541228
33.0,-93.6,827794.0,8392.0,0.0,1991,25.675675675675677,1001.8918918918919,873.1874457541228
33.0,-93.6,848241.0,8560.0,0.0,1992,25.675675675675677,1001.8918918918919,873.1874457541228
33.0,-93.6,866308.0,8731.0,0.0,1993,25.675675675675677,1001.8918918918919,873.1874457541228
33.0,-93.6,882681.0,8905.0,0.0,1994,25.675675675675677,1001.8918918918919,873.1874457541228
33.0,-93.6,901924.0,9084.0,0.0,1995,25.675675675675677,1001.8918918918919,873.1874457541228
33.0,-93.6,917527.0,9265.0,0.0,1996,25.675675675675677,1001.8918918918919,873.1874457541228
33.0,-93.6,940373.0,9450.0,0.0,1997,25.675675675675677,1001.8918918918919,873.1874457541228
33.0,-93.6,963225.0,9639.0,0.0,1998,25.675675675675677,1001.8918918918919,873.1874457541228
33.0,-93.6,980081.0,9832.0,68039.0,1999,25.675675675675677,1001.8918918918919,873.1874457541228
33.0,-93.6,1001153.0,10029.0,0.0,2000,25.675675675675677,1001.8918918918919,873.1874457541228
33.0,-93.6,1016170.0,10230.0,0.0,2001,25.675675675675677,1001.8918918918919,873.1874457541228
33.0,-93.6,1034766.0,10434.0,0.0,2002,25.675675675675677,1001.8918918918919,873.1874457541228
33.0,-93.6,1052357.0,10643.0,0.0,2003,25.675675675675677,1001.8918918918919,873.1874457541228
33.0,-93.6,1076772.0,10856.0,0.0,2004,25.675675675675677,1001.8918918918919,873.1874457541228
33.0,-93.6,1094861.0,11073.0,0.0,2005,25.675675675675677,1001.8918918918919,873.1874457541228
33.0,-93.6,1118510.0,11294.0,0.0,2006,25.675675675675677,1001.8918918918919,873.1874457541228
33.0,-93.6,1145690.0,11520.0,0.0,2007,25.675675675675677,1001.8918918918919,873.1874457541228
33.0,-93.6,1168260.0,11750.0,0.0,2008,25.675675675675677,1001.8918918918919,873.1874457541228
33.0,-93.6,1188121.0,11985.0,0.0,2009,25.675675675675677,1001.8918918918919,873.1874457541228
33.0,-93.6,1212834.0,12225.0,0.0,2010,25.675675675675677,1001.8918918918919,873.1874457541228
33.0,-93.6,1231996.0,12470.0,0.0,2011,25.675675675675677,1001.8918918918919,873.1874457541228
33.0,-93.6,1258608.0,12719.0,0.0,2012,25.675675675675677,1001.8918918918919,873.1874457541228
33.0,-93.6,1283276.0,12973.0,0.0,2013,25.675675675675677,1001.8918918918919,873.1874457541228
33.0,-93.6,1306247.0,13233.0,0.0,2014,25.675675675675677,1001.8918918918919,873.1874457541228
33.0,-93.6,1335768.0,13498.0,0.0,2015,25.675675675675677,1001.8918918918919,873.1874457541228
33.0,-93.6,1361816.0,13768.0,0.0,2016,25.675675675675677,1001.8918918918919,873.1874457541228
33.0,-93.6,1386873.0,14043.0,0.0,2017,25.675675675675677,1001.8918918918919,873.1874457541228
33.0,-93.6,1420990.0,14324.0,0.0,2018,25.675675675675677,1001.8918918918919,873.1874457541228
33.0,-93.6,1444010.0,14610.0,0.0,2019,25.675675675675677,1001.8918918918919,873.1874457541228
33.0,-93.6,1467547.0,14902.0,0.0,2020,25.675675675675677,1001.8918918918919,873.1874457541228
33.0,-93.6,1494110.0,15201.0,0.0,2021,25.675675675675677,1001.8918918918919,873.1874457541228
37.9,-88.7,1027351.0,6967.0,0.0,1985,19.642857142857142,1004.8571428571429,873.1874457541229
37.9,-88.7,1044302.0,7107.0,0.0,1986,19.642857142857142,1004.8571428571429,873.1874457541229
37.9,-88.7,1064770.0,7249.0,0.0,1987,19.642857142857142,1004.8571428571429,873.1874457541229
37.9,-88.7,1082552.0,7394.0,0.0,1988,19.642857142857142,1004.8571428571429,873.1874457541229
37.9,-88.7,1108100.0,7541.0,57466.0,1989,19.642857142857142,1004.8571428571429,873.1874457541229
37.9,-88.7,1125830.0,7692.0,0.0,1990,19.642857142857142,1004.8571428571429,873.1874457541229
37.9,-88.7,1146658.0,7846.0,0.0,1991,19.642857142857142,1004.8571428571429,873.1874457541229
37.9,-88.7,1166495.0,8003.0,0.0,1992,19.642857142857142,1004.8571428571429,873.1874457541229
37.9,-88.7,1184342.0,8163.0,0.0,1993,19.642857142857142,1004.8571428571429,873.1874457541229
37.9,-88.7,1209213.0,8326.0,0.0,1994,19.642857142857142,1004.8571428571429,873.1874457541229
37.9,-88.7,1233035.0,8493.0,0.0,1995,19.642857142857142,1004.8571428571429,873.1874457541229
37.9,-88.7,1257326.0,8663.0,0.0,1996,19.642857142857142,1004.8571428571429,873.1874457541229
37.9,-88.7,1280083.0,8836.0,53546.0,1997,19.642857142857142,1004.8571428571429,873.1874457541229
37.9,-88.7,1307349.0,9013.0,0.0,1998,19.642857142857142,1004.8571428571429,873.1874457541229
37.9,-88.7,1332319.0,9193.0,0.0,1999,19.642857142857142,1004.8571428571429,873.1874457541229
37.9,-88.7,1355369.0,9377.0,69858.0,2000,19.642857142857142,1004.8571428571429,873.1874457541229
37.9,-88.7,1384102.0,9564.0,0.0,2001,19.642857142857142,1004.8571428571429,873.1874457541229
37.9,-88.7,1407078.0,9756.0,0.0,2002,19.642857142857142,1004.8571428571429,873.1874457541229
37.9,-88.7,1432406.0,9951.0,0.0,2003,19.642857142857142,1004.8571428571429,873.1874457541229
37.9,-88.7,1467930.0,10150.0,0.0,2004,19.642857142857142,1004.8571428571429,873.1874457541229
37.9,-88.7,1493031.0,10353.0,0.0,2005,19.642857142857142,1004.8571428571429,873.1874457541229
37.9,-88.7,1530357.0,10560.0,0.0,2006,19.642857142857142,1004.8571428571429,873.1874457541229
37.9,-88.7,1558975.0,10771.0,0.0,2007,19.642857142857142,1004.8571428571429,873.1874457541229
37.9,-88.7,1583918.0,10987.0,0.0,2008,19.642857142857142,1004.8571428571429,873.1874457541229
37.9,-88.7,1619398.0,11206.0,0.0,2009,19.642857142857142,1004.8571428571429,873.1874457541229
37.9,-88.7,1649357.0,11430.0,0.0,2010,19.642857142857142,1004.8571428571429,873.1874457541229
37.9,-88.7,1676736.0,11659.0,0.0,2011,19.642857142857142,1004.8571428571429,873.1874457541229
37.9,-88.7,1710439.0,11892.0,0.0,2012,19.642857142857142,1004.8571428571429,873.1874457541229
37.9,-88.7,1752686.0,12130.0,0.0,2013,19.642857142857142,1004.8571428571429,873.1874457541229
37.9,-88.7,1793524.0,12373.0,0.0,2014,19.642857142857142,1004.8571428571429,873.1874457541229
37.9,-88.7,1833340.0,12620.0,0.0,2015,19.642857142857142,1004.8571428571429,873.1874457541229
37.9,-88.7,1863774.0,12872.0,0.0,2016,19.642857142857142,1004.8571428571429,873.1874457541229
37.9,-88.7,1901608.0,13130.0,123027.0,2017,19.642857142857142,1004.8571428571429,873.1874457541229
37.9,-88.7,1948198.0,13393.0,0.0,2018,19.642857142857142,1004.8571428571429,873.1874457541229
37.9,-88.7,1979564.0,13660.0,0.0,2019,19.642857142857142,1004.8571428571429,873.1874457541229
37.9,-88.7,2011039.0,13934.0,0.0,2020,19.642857142857142,1004.8571428571429,873.1874457541229
37.9,-88.7,2042612.0,14212.0,0.0,2021,19.642857142857142,1004.8571428571429,873.1874457541229
25.9,-81.7,334510.0,2488.0,0.0,1985,54.784946236559136,990.0430107526881,381.62094674353125
25.9,-81.7,341401.0,2537.0,0.0,1986,54.784946236559136,990.0430107526881,381.62094674353125
25.9,-81.7,346795.0,2588.0,0.0,1987,54.784946236559136,990.0430107526881,381.62094674353125
25.9,-81.7,353905.0,2640.0,0.0,1988,54.784946236559136,990.0430107526881,381.62094674353125
25.9,-81.7,360063.0,2693.0,0.0,1989,54.784946236559136,990.0430107526881,381.62094674353125
25.9,-81.7,366976.0,2747.0,0.0,1990,54.784946236559136,990.0430107526881,381.62094674353125
25.9,-81.7,375086.0,2802.0,0.0,1991,54.784946236559136,990.0430107526881,381.62094674353125
25.9,-81.7,382663.0,2858.0,0.0,1992,54.784946236559136,990.0430107526881,381.62094674353125
25.9,-81.7,389283.0,2915.0,0.0,1993,54.784946236559136,990.0430107526881,381.62094674353125
25.9,-81.7,398197.0,2973.0,0.0,1994,54.784946236559136,990.0430107526881,381.62094674353125
25.9,-81.7,406122.0,3032.0,0.0,1995,54.784946236559136,990.0430107526881,381.62094674353125
25.9,-81.7,413432.0,3093.0,0.0,1996,54.784946236559136,990.0430107526881,381.62094674353125
25.9,-81.7,420915.0,3155.0,0.0,1997,54.784946236559136,990.0430107526881,381.62094674353125
25.9,-81.7,428197.0,3218.0,0.0,1998,54.784946236559136,990.0430107526881,381.62094674353125
25.9,-81.7,435733.0,3282.0,0.0,1999,54.784946236559136,990.0430107526881,381.62094674353125
25.9,-81.7,444186.0,3348.0,0.0,2000,54.784946236559136,990.0430107526881,381.62094674353125
25.9,-81.7,451515.0,3415.0,0.0,2001,54.784946236559136,990.0430107526881,381.62094674353125
25.9,-81.7,458649.0,3483.0,0.0,2002,54.784946236559136,990.0430107526881,381.62094674353125
25.9,-81.7,467455.0,3553.0,0.0,2003,54.784946236559136,990.0430107526881,381.62094674353125
25.9,-81.7,476290.0,3624.0,0.0,2004,54.784946236559136,990.0430107526881,381.62094674353125
25.9,-81.7,487197.0,3697.0,0.0,2005,54.784946236559136,990.0430107526881,381.62094674353125
25.9,-81.7,497428.0,3771.0,0.0,2006,54.784946236559136,990.0430107526881,381.62094674353125
25.9,-81.7,505934.0,3846.0,0.0,2007,54.784946236559136,990.0430107526881,381.62094674353125
25.9,-81.7,515598.0,3923.0,0.0,2008,54.784946236559136,990.0430107526881,381.62094674353125
25.9,-81.7,525600.0,4001.0,0.0,2009,54.784946236559136,990.0430107526881,381.62094674353125
25.9,-81.7,536007.0,4081.0,37671.0,2010,54.784946236559136,990.0430107526881,381.62094674353125
25.9,-81.7,548442.0,4163.0,0.0,2011,54.784946236559136,990.0430107526881,381.62094674353125
25.9,-81.7,560234.0,4246.0,0.0,2012,54.784946236559136,990.0430107526881,381.62094674353125
25.9,-81.7,571719.0,4331.0,0.0,2013,54.784946236559136,990.0430107526881,381.62094674353125
25.9,-81.7,580923.0,4418.0,0.0,2014,54.784946236559136,990.0430107526881,381.62094674353125
25.9,-81.7,594749.0,4506.0,0.0,2015,54.784946236559136,990.0430107526881,381.62094674353125
25.9,-81.7,606585.0,4596.0,0.0,2016,54.784946236559136,990.0430107526881,381.62094674353125
25.9,-81.7,616958.0,4688.0,0.0,2017,54.784946236559136,990.0430107526881,381.62094674353125
25.9,-81.7,627199.0,4782.0,0.0,2018,54.784946236559136,990.0430107526881,381.62094674353125
25.9,-81.7,640370.0,4878.0,0.0,2019,54.784946236559136,990.0430107526881,381.62094674353125
25.9,-81.7,655291.0,4975.0,0.0,2020,54.784946236559136,990.0430107526881,381.62094674353125
25.9,-81.7,665710.0,5075.0,0.0,2021,54.784946236559136,990.0430107526881,381.62094674353125
19.5,-99.2,119945.0,700.0,0.0,1985,35.38461538461539,1003.8461538461538,873.1874457541229
19.5,-99.2,122895.0,714.0,0.0,1986,35.38461538461539,1003.8461538461538,873.1874457541229
19.5,-99.2,125132.0,729.0,0.0,1987,35.38461538461539,1003.8461538461538,873.1874457541229
19.5,-99.2,127497.0,743.0,0.0,1988,35.38461538461539,1003.8461538461538,873.1874457541229
19.5,-99.2,129473.0,758.0,0.0,1989,35.38461538461539,1003.8461538461538,873.1874457541229
19.5,-99.2,131959.0,773.0,0.0,1990,35.38461538461539,1003.8461538461538,873.1874457541229
19.5,-99.2,134176.0,789.0,0.0,1991,35.38461538461539,1003.8461538461538,873.1874457541229
19.5,-99.2,137047.0,804.0,0.0,1992,35.38461538461539,1003.8461538461538,873.1874457541229
19.5,-99.2,139226.0,821.0,0.0,1993,35.38461538461539,1003.8461538461538,873.1874457541229
19.5,-99.2,141370.0,837.0,0.0,1994,35.38461538461539,1003.8461538461538,873.1874457541229
19.5,-99.2,144438.0,854.0,0.0,1995,35.38461538461539,1003.8461538461538,873.1874457541229
19.5,-99.2,146836.0,871.0,0.0,1996,35.38461538461539,1003.8461538461538,873.1874457541229
19.5,-99.2,149376.0,888.0,0.0,1997,35.38461538461539,1003.8461538461538,873.1874457541229
19.5,-99.2,151960.0,906.0,0.0,1998,35.38461538461539,1003.8461538461538,873.1874457541229
19.5,-99.2,155577.0,924.0,0.0,1999,35.38461538461539,1003.8461538461538,873.1874457541229
19.5,-99.2,158066.0,943.0,6409.0,2000,35.38461538461539,1003.8461538461538,873.1874457541229
19.5,-99.2,161291.0,961.0,0.0,2001,35.38461538461539,1003.8461538461538,873.1874457541229
19.5,-99.2,164339.0,981.0,0.0,2002,35.38461538461539,1003.8461538461538,873.1874457541229
19.5,-99.2,167116.0,1000.0,0.0,2003,35.38461538461539,1003.8461538461538,873.1874457541229
19.5,-99.2,169957.0,1020.0,0.0,2004,35.38461538461539,1003.8461538461538,873.1874457541229
19.5,-99.2,172711.0,1041.0,0.0,2005,35.38461538461539,1003.8461538461538,873.1874457541229
19.5,-99.2,175681.0,1061.0,0.0,2006,35.38461538461539,1003.8461538461538,873.1874457541229
19.5,-99.2,178545.0,1083.0,0.0,2007,35.38461538461539,1003.8461538461538,873.1874457541229
19.5,-99.2,182830.0,1104.0,0.0,2008,35.38461538461539,1003.8461538461538,873.1874457541229
19.5,-99.2,185847.0,1126.0,0.0,2009,35.38461538461539,1003.8461538461538,873.1874457541229
19.5,-99.2,188950.0,1149.0,0.0,2010,35.38461538461539,1003.8461538461538,873.1874457541229
19.5,-99.2,192597.0,1172.0,0.0,2011,35.38461538461539,1003.8461538461538,873.1874457541229
19.5,-99.2,196988.0,1195.0,0.0,2012,35.38461538461539,1003.8461538461538,873.1874457541229
19.5,-99.2,200219.0,1219.0,0.0,2013,35.38461538461539,1003.8461538461538,873.1874457541229
19.5,-99.2,204203.0,1244.0,0.0,2014,35.38461538461539,1003.8461538461538,873.1874457541229
19.5,-99.2,208022.0,1269.0,0.0,2015,35.38461538461539,1003.8461538461538,873.1874457541229
19.5,-99.2,211829.0,1294.0,0.0,2016,35.38461538461539,1003.8461538461538,873.1874457541229
19.5,-99.2,215345.0,1320.0,0.0,2017,35.38461538461539,1003.8461538461538,873.1874457541229
19.5,-99.2,219264.0,1346.0,0.0,2018,35.38461538461539,1003.8461538461538,873.1874457541229
19.5,-99.2,222619.0,1373.0,0.0,2019,35.38461538461539,1003.8461538461538,873.1874457541229
19.5,-99.2,227828.0,1401.0,12549.0,2020,35.38461538461539,1003.8461538461538,873.1874457541229
19.5,-99.2,232271.0,1429.0,0.0,2021,35.38461538461539,1003.8461538461538,873.1874457541229
-0.3,-79.3,1093761.0,9455.0,0.0,1985,,,
-0.3,-79.3,1111589.0,9644.0,0.0,1986,,,
-0.3,-79.3,1136044.0,9836.0,0.0,1987,,,
-0.3,-79.3,1162059.0,10033.0,0.0,1988,,,
-0.3,-79.3,1186114.0,10234.0,0.0,1989,,,
-0.3,-79.3,1206871.0,10439.0,0.0,1990,,,
-0.3,-79.3,1226181.0,10647.0,0.0,1991,,,
-0.3,-79.3,1254874.0,10860.0,0.0,1992,,,
-0.3,-79.3,1274324.0,11077.0,87955.0,1993,,,
-0.3,-79.3,1305927.0,11299.0,0.0,1994,,,
-0.3,-79.3,1333221.0,11525.0,0.0,1995,,,
-0.3,-79.3,1357752.0,11756.0,0.0,1996,,,
-0.3,-79.3,1382464.0,11991.0,0.0,1997,,,
-0.3,-79.3,1408177.0,12230.0,0.0,1998,,,
-0.3,-79.3,1441833.0,12475.0,0.0,1999,,,
-0.3,-79.3,1471246.0,12725.0,0.0,2000,,,
-0.3,-79.3,1497140.0,12979.0,0.0,2001,,,
-0.3,-79.3,1534269.0,13239.0,0.0,2002,,,
-0.3,-79.3,1561119.0,13503.0,0.0,2003,,,
-0.3,-79.3,1600147.0,13773.0,0.0,2004,,,
-0.3,-79.3,1638070.0,14049.0,0.0,2005,,,
-0.3,-79.3,1668375.0,14330.0,0.0,2006,,,
-0.3,-79.3,1708916.0,14616.0,0.0,2007,,,
-0.3,-79.3,1743265.0,14909.0,0.0,2008,,,
-0.3,-79.3,1770983.0,15207.0,0.0,2009,,,
-0.3,-79.3,1807111.0,15511.0,0.0,2010,,,
-0.3,-79.3,1840182.0,15821.0,124672.0,2011,,,
-0.3,-79.3,1877537.0,16138.0,0.0,2012,,,
-0.3,-79.3,1914525.0,16461.0,0.0,2013,,,
-0.3,-79.3,1944391.0,16790.0,0.0,2014,,,
-0.3,-79.3,1989890.0,17126.0,0.0,2015,,,
-0.3,-79.3,2031877.0,17468.0,0.0,2016,,,
-0.3,-79.3,2069670.0,17817.0,0.0,2017,,,
-0.3,-79.3,2107959.0,18174.0,0.0,2018,,,
-0.3,-79.3,2147588.0,18537.0,0.0,2019,,,
-0.3,-79.3,2185815.0,18908.0,0.0,2020,,,
-0.3,-79.3,2226690.0,19286.0,0.0,2021,,,
-9.3,-71.1,140220.0,502.0,0.0,1985,,,
-9.3,-71.1,143333.0,512.0,0.0,1986,,,
-9.3,-71.1,145941.0,522.0,0.0,1987,,,
-9.3,-71.1,149079.0,533.0,0.0,1988,,,
-9.3,-71.1,151405.0,543.0,0.0,1989,,,
-9.3,-71.1,153963.0,554.0,0.0,1990,,,
-9.3,-71.1,156781.0,565.0,0.0,1991,,,
-9.3,-71.1,159525.0,576.0,0.0,1992,,,
-9.3,-71.1,162699.0,588.0,0.0,1993,,,
-9.3,-71.1,165286.0,600.0,0.0,1994,,,
-9.3,-71.1,169319.0,612.0,0.0,1995,,,
-9.3,-71.1,172282.0,624.0,0.0,1996,,,
-9.3,-71.1,175487.0,636.0,0.0,1997,,,
-9.3,-71.1,178786.0,649.0,0.0,1998,,,
-9.3,-71.1,181646.0,662.0,0.0,1999,,,
-9.3,-71.1,184643.0,675.0,0.0,2000,,,
-9.3,-71.1,188004.0,689.0,0.0,2001,,,
-9.3,-71.1,190956.0,703.0,4786.0,2002,,,
-9.3,-71.1,194049.0,717.0,0.0,2003,,,
-9.3,-71.1,197814.0,731.0,0.0,2004,,,
-9.3,-71.1,200900.0,746.0,0.0,2005,,,
-9.3,-71.1,205822.0,761.0,0.0,2006,,,
-9.3,-71.1,209218.0,776.0,0.0,2007,,,
-9.3,-71.1,214176.0,791.0,0.0,2008,,,
-9.3,-71.1,217710.0,807.0,0.0,2009,,,
-9.3,-71.1,221825.0,823.0,0.0,2010,,,
-9.3,-71.1,226150.0,840.0,0.0,2011,,,
-9.3,-71.1,230266.0,857.0,0.0,2012,,,
-9.3,-71.1,235839.0,874.0,0.0,2013,,,
-9.3,-71.1,241570.0,891.0,0.0,2014,,,
-9.3,-71.1,245845.0,909.0,0.0,2015,,,
-9.3,-71.1,251229.0,927.0,0.0,2016,,,
-9.3,-71.1,256957.0,946.0,0.0,2017,,,
-9.3,-71.1,262071.0,965.0,0.0,2018,,,
-9.3,-71.1,268361.0,984.0,0.0,2019,,,
-9.3,-71.1,273594.0,1004.0,0.0,2020,,,
-9.3,-71.1,279941.0,1024.0,9767.0,2021,,,
-15.7,-61.7,247671.0,887.0,0.0,1985,,,
-15.7,-61.7,253664.0,904.0,0.0,1986,,,
-15.7,-61.7,259093.0,922.0,0.0,1987,,,
-15.7,-61.7,264793.0,941.0,0.0,1988,,,
-15.7,-61.7,270274.0,960.0,0.0,1989,,,
-15.7,-61.7,276193.0,979.0,0.0,1990,,,
-15.7,-61.7,281938.0,998.0,7189.0,1991,,,
-15.7,-61.7,286364.0,1018.0,0.0,1992,,,
-15.7,-61.7,292550.0,1039.0,0.0,1993,,,
-15.7,-61.7,299074.0,1060.0,0.0,1994,,,
-15.7,-61.7,305324.0,1081.0,0.0,1995,,,
-15.7,-61.7,311278.0,1102.0,0.0,1996,,,
-15.7,-61.7,317877.0,1124.0,10019.0,1997,,,
-15.7,-61.7,323186.0,1147.0,0.0,1998,,,
-15.7,-61.7,330231.0,1170.0,0.0,1999,,,
-15.7,-61.7,337860.0,1193.0,0.0,2000,,,
-15.7,-61.7,343029.0,1217.0,0.0,2001,,,
-15.7,-61.7,349409.0,1241.0,0.0,2002,,,
-15.7,-61.7,357306.0,1266.0,0.0,2003,,,
-15.7,-61.7,364273.0,1292.0,0.0,2004,,,
-15.7,-61.7,371705.0,1317.0,0.0,2005,,,
-15.7,-61.7,378544.0,1344.0,0.0,2006,,,
-15.7,-61.7,386266.0,1371.0,0.0,2007,,,
-15.7,-61.7,393798.0,1398.0,0.0,2008,,,
-15.7,-61.7,402541.0,1426.0,0.0,2009,,,
-15.7,-61.7,411759.0,1455.0,0.0,2010,,,
-15.7,-61.7,419788.0,1484.0,0.0,2011,,,
-15.7,-61.7,426631.0,1513.0,0.0,2012,,,
-15.7,-61.7,434651.0,1544.0,0.0,2013,,,
-15.7,-61.7,445040.0,1575.0,0.0,2014,,,
-15.7,-61.7,453362.0,1606.0,0.0,2015,,,
-15.7,-61.7,463336.0,1638.0,0.0,2016,,,
-15.7,-61.7,474178.0,1671.0,0.0,2017,,,
-15.7,-61.7,482144.0,1704.0,0.0,2018,,,
-15.7,-61.7,491932.0,1738.0,0.0,2019,,,
-15.7,-61.7,499655.0,1773.0,0.0,2020,,,
-15.7,-61.7,508149.0,1809.0,0.0,2021,,,
40.7,-73.9,461358.0,2141.0,0.0,1985,45.416666666666664,987.2916666666666,518.4843433565716
40.7,-73.9,469339.0,2184.0,0.0,1986,45.416666666666664,987.2916666666666,518.4843433565716
40.7,-73.9,477647.0,2227.0,0.0,1987,45.416666666666664,987.2916666666666,518.4843433565716
40.7,-73.9,487582.0,2272.0,0.0,1988,45.416666666666664,987.2916666666666,518.4843433565716
40.7,-73.9,499527.0,2317.0,0.0,1989,45.416666666666664,987.2916666666666,518.4843433565716
40.7,-73.9,510917.0,2364.0,0.0,1990,45.416666666666664,987.2916666666666,518.4843433565716
40.7,-73.9,522412.0,2411.0,0.0,1991,45.416666666666664,987.2916666666666,518.4843433565716
40.7,-73.9,533383.0,2459.0,0.0,1992,45.416666666666664,987.2916666666666,518.4843433565716
40.7,-73.9,541650.0,2508.0,0.0,1993,45.416666666666664,987.2916666666666,518.4843433565716
40.7,-73.9,550642.0,2558.0,0.0,1994,45.416666666666664,987.2916666666666,518.4843433565716
40.7,-73.9,560333.0,2610.0,0.0,1995,45.416666666666664,987.2916666666666,518.4843433565716
40.7,-73.9,574117.0,2662.0,0.0,1996,45.416666666666664,987.2916666666666,518.4843433565716
40.7,-73.9,582729.0,2715.0,0.0,1997,45.416666666666664,987.2916666666666,518.4843433565716
40.7,-73.9,595549.0,2769.0,0.0,1998,45.416666666666664,987.2916666666666,518.4843433565716
40.7,-73.9,609902.0,2825.0,0.0,1999,45.416666666666664,987.2916666666666,518.4843433565716
40.7,-73.9,624783.0,2881.0,0.0,2000,45.416666666666664,987.2916666666666,518.4843433565716
40.7,-73.9,635342.0,2939.0,0.0,2001,45.416666666666664,987.2916666666666,518.4843433565716
40.7,-73.9,645063.0,2998.0,0.0,2002,45.416666666666664,987.2916666666666,518.4843433565716
40.7,-73.9,660931.0,3058.0,22687.0,2003,45.416666666666664,987.2916666666666,518.4843433565716
40.7,-73.9,673093.0,3119.0,0.0,2004,45.416666666666664,987.2916666666666,518.4843433565716
40.7,-73.9,685477.0,3181.0,0.0,2005,45.416666666666664,987.2916666666666,518.4843433565716
40.7,-73.9,700489.0,3245.0,0.0,2006,45.416666666666664,987.2916666666666,518.4843433565716
40.7,-73.9,713308.0,3310.0,0.0,2007,45.416666666666664,987.2916666666666,518.4843433565716
40.7,-73.9,726576.0,3376.0,0.0,2008,45.416666666666664,987.2916666666666,518.4843433565716
40.7,-73.9,738201.0,3443.0,0.0,2009,45.416666666666664,987.2916666666666,518.4843433565716
40.7,-73.9,749496.0,3512.0,31469.0,2010,45.416666666666664,987.2916666666666,518.4843433565716
40.7,-73.9,767783.0,3582.0,0.0,2011,45.416666666666664,987.2916666666666,518.4843433565716
40.7,-73.9,779607.0,3654.0,0.0,2012,45.416666666666664,987.2916666666666,518.4843433565716
40.7,-73.9,798630.0,3727.0,0.0,2013,45.416666666666664,987.2916666666666,518.4843433565716
40.7,-73.9,816998.0,3802.0,0.0,2014,45.416666666666664,987.2916666666666,518.4843433565716
40.7,-73.9,829743.0,3878.0,0.0,2015,45.416666666666664,987.2916666666666,518.4843433565716
40.7,-73.9,847251.0,3955.0,0.0,2016,45.416666666666664,987.2916666666666,518.4843433565716
40.7,-73.9,864196.0,4034.0,0.0,2017,45.416666666666664,987.2916666666666,518.4843433565716
40.7,-73.9,885541.0,4115.0,0.0,2018,45.416666666666664,987.2916666666666,518.4843433565716
40.7,-73.9,903075.0,4197.0,0.0,2019,45.416666666666664,987.2916666666666,518.4843433565716
40.7,-73.9,917795.0,4281.0,0.0,2020,45.416666666666664,987.2916666666666,518.4843433565716
40.7,-73.9,937895.0,4367.0,0.0,2021,45.416666666666664,987.2916666666666,518.4843433565716
44.3,-68.0,168737.0,1497.0,0.0,1985,45.416666666666664,991.75,528.5260100232382
44.3,-68.0,172230.0,1527.0,8199.0,1986,45.416666666666664,991.75,528.5260100232382
44.3,-68.0,175037.0,1557.0,0.0,1987,45.416666666666664,991.75,528.5260100232382
44.3,-68.0,179011.0,1588.0,0.0,1988,45.416666666666664,991.75,528.5260100232382
44.3,-68.0,182197.0,1620.0,0.0,1989,45.416666666666664,991.75,528.5260100232382
44.3,-68.0,186588.0,1653.0,0.0,1990,45.416666666666664,991.75,528.5260100232382
44.3,-68.0,190917.0,1686.0,0.0,1991,45.416666666666664,991.75,528.5260100232382
44.3,-68.0,195022.0,1719.0,0.0,1992,45.416666666666664,991.75,528.5260100232382
44.3,-68.0,199683.0,1754.0,0.0,1993,45.416666666666664,991.75,528.5260100232382
44.3,-68.0,203576.0,1789.0,0.0,1994,45.416666666666664,991.75,528.5260100232382
44.3,-68.0,208116.0,1825.0,0.0,1995,45.416666666666664,991.75,528.5260100232382
44.3,-68.0,211592.0,1861.0,0.0,1996,45.416666666666664,991.75,528.5260100232382
44.3,-68.0,215993.0,1898.0,0.0,1997,45.416666666666664,991.75,528.5260100232382
44.3,-68.0,220356.0,1936.0,0.0,1998,45.416666666666664,991.75,528.5260100232382
44.3,-68.0,225204.0,1975.0,0.0,1999,45.416666666666664,991.75,528.5260100232382
44.3,-68.0,230271.0,2015.0,0.0,2000,45.416666666666664,991.75,528.5260100232382
44.3,-68.0,234485.0,2055.0,0.0,2001,45.416666666666664,991.75,528.5260100232382
44.3,-68.0,240276.0,2096.0,0.0,2002,45.416666666666664,991.75,528.5260100232382
44.3,-68.0,246139.0,2138.0,0.0,2003,45.416666666666664,991.75,528.5260100232382
44.3,-68.0,251727.0,2181.0,0.0,2004,45.416666666666664,991.75,528.5260100232382
44.3,-68.0,255754.0,2224.0,0.0,2005,45.416666666666664,991.75,528.5260100232382
44.3,-68.0,259770.0,2269.0,0.0,2006,45.416666666666664,991.75,528.5260100232382
44.3,-68.0,263692.0,2314.0,17679.0,2007,45.416666666666664,991.75,528.5260100232382
44.3,-68.0,269467.0,2360.0,0.0,2008,45.416666666666664,991.75,528.5260100232382
44.3,-68.0,275314.0,2408.0,0.0,2009,45.416666666666664,991.75,528.5260100232382
44.3,-68.0,281096.0,2456.0,0.0,2010,45.416666666666664,991.75,528.5260100232382
44.3,-68.0,287842.0,2505.0,0.0,2011,45.416666666666664,991.75,528.5260100232382
44.3,-68.0,293167.0,2555.0,0.0,2012,45.416666666666664,991.75,528.5260100232382
44.3,-68.0,299412.0,2606.0,0.0,2013,45.416666666666664,991.75,528.5260100232382
44.3,-68.0,306628.0,2658.0,0.0,2014,45.416666666666664,991.75,528.5260100232382
44.3,-68.0,311534.0,2711.0,0.0,2015,45.416666666666664,991.75,528.5260100232382
44.3,-68.0,317889.0,2766.0,0.0,2016,45.416666666666664,991.75,528.5260100232382
44.3,-68.0,324247.0,2821.0,0.0,2017,45.416666666666664,991.75,528.5260100232382
44.3,-68.0,330667.0,2877.0,0.0,2018,45.416666666666664,991.75,528.5260100232382
44.3,-68.0,338801.0,2935.0,0.0,2019,45.416666666666664,991.75,528.5260100232382
44.3,-68.0,346153.0,2993.0,0.0,2020,45.416666666666664,991.75,528.5260100232382
44.3,-68.0,354184.0,3053.0,0.0,2021,45.416666666666664,991.75,528.5260100232382
